date,symbol,side,qty,entry,exit,pnl,strategy,notes
2026-02-02T13:31:04.000Z,INTC,LONG,800,32,32.36,288,Trend Following,
2026-02-02T13:59:11.000Z,ORCL,SHORT,56,165.43,165.93,-28,Breakout,Pre-market gap up clean breakout
2026-02-02T14:04:21.000Z,IWM,SHORT,193,240.38,242.39,-387.93,Mean Reversion,VWAP reversion
2026-02-02T14:13:31.000Z,QQQ,LONG,79,549.29,545.22,-321.53,Mean Reversion,VWAP reversion
2026-02-02T14:23:14.000Z,COIN,SHORT,141,258.71,264.31,-789.6,Breakout,
2026-02-02T14:27:32.000Z,MARA,LONG,874,21.94,21.62,-279.68,Earnings,Earnings miss reversal
2026-02-02T14:38:08.000Z,UBER,SHORT,122,78.08,76.43,201.3,Trend Following,
2026-02-02T14:54:35.000Z,AVGO,LONG,35,194.47,197.84,117.95,Scalp,Opening drive scalp
2026-02-02T15:00:44.000Z,COIN,LONG,129,259.66,254.76,-632.1,Mean Reversion,Squeezed out early
2026-02-02T15:05:52.000Z,UBER,LONG,359,78.01,78.5,175.91,Breakout,
2026-02-02T15:08:58.000Z,UNH,LONG,10,510.15,516.66,65.1,Mean Reversion,
2026-02-02T15:37:17.000Z,SHOP,LONG,277,95.09,96.25,321.32,Earnings,
2026-02-02T16:05:05.000Z,DIS,LONG,373,102.28,101.08,-447.6,Scalp,
2026-02-02T16:19:58.000Z,AAPL,SHORT,106,240.9,239.91,104.94,Scalp,Opening drive scalp
2026-02-02T16:28:43.000Z,UNH,SHORT,31,511.83,518.19,-197.16,Breakout,Bull flag continuation
2026-02-02T16:45:26.000Z,MARA,LONG,922,22.03,21.45,-534.76,Trend Following,Trend continuation
2026-02-02T18:05:37.000Z,JNJ,SHORT,160,157.71,156.78,148.8,Earnings,Post-earnings IV crush play
2026-02-02T18:17:46.000Z,SPY,LONG,32,609.86,607.98,-60.16,Scalp,Quick scalp
2026-02-02T18:24:56.000Z,UNH,SHORT,67,507.93,511.53,-241.2,Breakout,Cup & handle breakout
2026-02-02T18:38:48.000Z,MSFT,LONG,52,469.6,476.04,334.88,Scalp,Power-hour scalp
2026-02-02T18:43:16.000Z,AMD,LONG,180,150.49,148.35,-385.2,Scalp,Opening drive scalp
2026-02-02T19:23:18.000Z,NFLX,SHORT,77,703.47,708.06,-353.43,Scalp,Counter-trend fade scalp
2026-02-02T19:32:36.000Z,META,LONG,29,643.04,634.4,-250.56,Mean Reversion,
2026-02-03T13:44:42.000Z,AMZN,SHORT,161,210.11,207.23,463.68,Earnings,Earnings drift continuation
2026-02-03T13:56:24.000Z,AAPL,LONG,64,241.18,239.94,-79.36,Breakout,
2026-02-03T14:19:58.000Z,UBER,LONG,251,77.42,78.82,351.4,Mean Reversion,Fade gap up
2026-02-03T14:21:16.000Z,JNJ,LONG,30,158.43,158.05,-11.4,Mean Reversion,
2026-02-03T14:41:02.000Z,UNH,SHORT,60,507.66,503.02,278.4,Earnings,Earnings miss reversal
2026-02-03T14:41:37.000Z,IWM,SHORT,198,240.33,242.72,-473.22,Trend Following,VWAP reclaim long
2026-02-03T14:43:31.000Z,UNH,LONG,41,508.52,514.28,236.16,Earnings,Post-earnings IV crush play
2026-02-03T15:11:22.000Z,XOM,LONG,311,117.95,116.63,-410.52,Trend Following,20EMA trend long
2026-02-03T15:28:23.000Z,QQQ,LONG,33,547.22,544.44,-91.74,Trend Following,Tech rotation long
2026-02-03T16:02:49.000Z,BA,LONG,31,194.82,199.47,144.15,Scalp,Power-hour scalp
2026-02-03T16:04:02.000Z,XOM,LONG,363,117.94,116.75,-431.97,Mean Reversion,Oversold bounce
2026-02-03T16:40:26.000Z,IWM,LONG,194,240.17,238.31,-360.84,Scalp,Quick scalp
2026-02-03T16:50:57.000Z,MARA,SHORT,416,21.79,20.92,361.92,Trend Following,Tech rotation long
2026-02-03T17:29:47.000Z,MSFT,SHORT,47,472.67,476.17,-164.5,Breakout,Cup & handle breakout
2026-02-03T17:32:57.000Z,BAC,SHORT,711,47.32,46.68,455.04,Mean Reversion,
2026-02-03T17:39:10.000Z,PLTR,LONG,415,27.86,27.56,-124.5,Trend Following,Tech rotation long
2026-02-03T17:45:53.000Z,MARA,LONG,260,21.84,22.98,296.4,Trend Following,VWAP reclaim long
2026-02-03T17:48:40.000Z,BAC,LONG,691,47.14,47.49,241.85,Mean Reversion,Squeezed out early
2026-02-03T18:21:06.000Z,SHOP,LONG,278,94.49,93.65,-233.52,Mean Reversion,Fade gap up
2026-02-03T18:57:00.000Z,CRM,SHORT,41,293.64,294.97,-54.53,Earnings,
2026-02-04T13:39:44.000Z,NVDA,LONG,49,200.21,197.06,-154.35,Mean Reversion,Fade gap up
2026-02-04T13:54:02.000Z,BAC,LONG,342,47.1,46.79,-106.02,Trend Following,
2026-02-04T13:56:23.000Z,SPY,LONG,92,605.38,609.34,364.32,Scalp,Counter-trend fade scalp
2026-02-04T14:26:05.000Z,META,LONG,85,643.38,654.23,922.25,Trend Following,Trend continuation
2026-02-04T14:46:20.000Z,IWM,SHORT,107,242.69,244.6,-204.37,Earnings,Earnings beat
2026-02-04T15:16:39.000Z,META,LONG,45,646.03,654.33,373.5,Trend Following,
2026-02-04T15:29:13.000Z,JNJ,LONG,41,158,158.8,32.8,Breakout,
2026-02-04T15:34:01.000Z,AMD,SHORT,365,149.94,146.04,1423.5,Scalp,Power-hour scalp
2026-02-04T15:58:57.000Z,BAC,SHORT,263,47.04,46.79,65.75,Mean Reversion,Fade gap up
2026-02-04T16:00:50.000Z,JNJ,SHORT,147,157.63,156.63,147,Trend Following,Stopped below trend line
2026-02-04T16:15:51.000Z,JPM,LONG,159,247.45,251,564.45,Trend Following,VWAP reclaim long
2026-02-04T16:23:10.000Z,AMZN,SHORT,53,208.94,206.55,126.67,Breakout,Breakout retest hold
2026-02-04T16:40:21.000Z,TSLA,LONG,49,319.46,328.8,457.66,Earnings,Post-earnings IV crush play
2026-02-04T17:00:27.000Z,AAPL,LONG,40,241.6,240.19,-56.4,Earnings,Earnings drift continuation
2026-02-04T17:19:03.000Z,SPY,LONG,95,606.2,610.83,439.85,Earnings,
2026-02-04T17:49:22.000Z,BAC,LONG,306,47.04,47.5,140.76,Mean Reversion,Oversold bounce
2026-02-04T17:52:07.000Z,AAPL,LONG,152,241.94,240.56,-209.76,Earnings,
2026-02-04T17:53:02.000Z,MU,LONG,230,110.59,113.02,558.9,Trend Following,Tech rotation long
2026-02-04T18:45:49.000Z,COIN,SHORT,156,258.93,250.75,1276.08,Scalp,Counter-trend fade scalp
2026-02-04T18:53:39.000Z,TSLA,LONG,165,320.54,316.98,-587.4,Trend Following,Stopped below trend line
2026-02-04T19:46:18.000Z,COIN,LONG,197,257.13,252.83,-847.1,Mean Reversion,Squeezed out early
2026-02-05T13:45:28.000Z,MARA,LONG,262,21.9,22.32,110.04,Scalp,
2026-02-05T13:50:21.000Z,DIS,SHORT,234,103.11,101.14,460.98,Scalp,Counter-trend fade scalp
2026-02-05T14:19:00.000Z,AVGO,LONG,100,194.65,196,135,Scalp,Quick scalp
2026-02-05T14:27:23.000Z,AVGO,LONG,52,194.35,196.15,93.6,Earnings,Post-earnings IV crush play
2026-02-05T14:40:53.000Z,TSLA,LONG,31,319.99,330.17,315.58,Earnings,Earnings miss reversal
2026-02-05T14:56:33.000Z,NFLX,LONG,48,693.67,710,783.84,Earnings,
2026-02-05T15:33:01.000Z,GS,LONG,84,603.66,610.25,553.56,Mean Reversion,Topping pattern fade
2026-02-05T15:53:12.000Z,AAPL,LONG,35,242.96,244.28,46.2,Earnings,Post-earnings IV crush play
2026-02-05T16:18:41.000Z,AVGO,SHORT,44,194.39,195.87,-65.12,Scalp,
2026-02-05T17:21:51.000Z,AAPL,LONG,60,243.24,241.4,-110.4,Trend Following,
2026-02-05T17:22:47.000Z,GS,LONG,45,602.21,611.7,427.05,Earnings,Post-earnings IV crush play
2026-02-05T18:12:57.000Z,CRM,SHORT,176,297.63,293.09,799.04,Mean Reversion,Mean reversion short at resistance
2026-02-05T18:16:51.000Z,BA,LONG,58,195.76,199.64,225.04,Breakout,ATH breakout
2026-02-05T18:29:30.000Z,META,SHORT,59,637.71,648.4,-630.71,Trend Following,
2026-02-05T19:21:50.000Z,JNJ,LONG,127,157.16,156.81,-44.45,Mean Reversion,
2026-02-05T19:27:13.000Z,NFLX,SHORT,53,697.39,706.23,-468.52,Trend Following,
2026-02-05T19:37:43.000Z,UBER,LONG,314,77.62,76.83,-248.06,Breakout,Pre-market gap up clean breakout
2026-02-05T19:45:50.000Z,BA,LONG,190,196.79,199.09,437,Trend Following,
2026-02-05T19:51:17.000Z,JNJ,SHORT,138,156.05,156.97,-126.96,Scalp,Power-hour scalp
2026-02-06T14:14:10.000Z,NVDA,LONG,39,198.19,199.74,60.45,Scalp,Power-hour scalp
2026-02-06T14:28:55.000Z,SHOP,LONG,197,95.35,93.63,-338.84,Mean Reversion,Topping pattern fade
2026-02-06T14:43:41.000Z,UNH,LONG,86,507.42,504.62,-240.8,Mean Reversion,
2026-02-06T14:48:16.000Z,AAPL,SHORT,155,242.43,244.82,-370.45,Scalp,Power-hour scalp
2026-02-06T14:58:23.000Z,PLTR,LONG,481,27.45,28.19,355.94,Breakout,Range breakout on volume
2026-02-06T15:49:10.000Z,UNH,LONG,77,509.53,507.55,-152.46,Mean Reversion,
2026-02-06T16:07:55.000Z,INTC,SHORT,465,31.89,32.28,-181.35,Mean Reversion,VWAP reversion
2026-02-06T16:23:21.000Z,JPM,SHORT,142,248.66,250.05,-197.38,Scalp,Power-hour scalp
2026-02-06T16:56:20.000Z,NFLX,LONG,25,695.58,711.79,405.25,Breakout,Pre-market gap up clean breakout
2026-02-06T17:05:46.000Z,NFLX,LONG,61,695.82,700.86,307.44,Scalp,Opening drive scalp
2026-02-06T17:09:16.000Z,NFLX,SHORT,91,696.15,687.03,829.92,Trend Following,20EMA trend long
2026-02-06T18:12:30.000Z,COIN,SHORT,69,258.98,263.36,-302.22,Scalp,Counter-trend fade scalp
2026-02-06T18:21:32.000Z,NVDA,LONG,191,199.2,202.3,592.1,Breakout,
2026-02-06T18:27:06.000Z,INTC,LONG,642,31.65,31.92,173.34,Earnings,Earnings miss reversal
2026-02-06T19:00:46.000Z,GOOGL,LONG,137,193.28,192.24,-142.48,Breakout,Pre-market gap up clean breakout
2026-02-06T19:07:19.000Z,NVDA,SHORT,145,198.79,199.99,-174,Trend Following,Index momentum continuation
2026-02-06T19:22:15.000Z,TSLA,LONG,52,320.22,329.4,477.36,Trend Following,Index momentum continuation
2026-02-06T19:50:54.000Z,MARA,LONG,978,21.85,21.02,-811.74,Mean Reversion,
2026-02-06T19:54:46.000Z,JNJ,SHORT,152,156.33,157.21,-133.76,Scalp,Opening drive scalp
2026-02-09T13:53:18.000Z,TSLA,LONG,104,318.87,321.72,296.4,Earnings,
2026-02-09T13:57:10.000Z,IWM,SHORT,156,242.82,239.63,497.64,Earnings,Earnings miss reversal
2026-02-09T13:57:24.000Z,AVGO,SHORT,59,195.77,197.73,-115.64,Mean Reversion,
2026-02-09T14:07:14.000Z,IWM,LONG,168,242.99,245.31,389.76,Earnings,
2026-02-09T15:00:37.000Z,JNJ,SHORT,164,157.07,156.66,67.24,Earnings,Earnings beat
2026-02-09T15:06:41.000Z,PLTR,LONG,276,27.52,27.94,115.92,Trend Following,
2026-02-09T16:55:35.000Z,AMZN,LONG,145,207.65,205.09,-371.2,Scalp,Opening drive scalp
2026-02-09T17:04:57.000Z,JPM,LONG,67,248.38,246.48,-127.3,Trend Following,
2026-02-09T17:23:26.000Z,GS,LONG,89,605.58,601.67,-347.99,Mean Reversion,Topping pattern fade
2026-02-09T17:24:02.000Z,PLTR,LONG,977,27.57,27.33,-234.48,Breakout,Breakout retest hold
2026-02-09T17:24:54.000Z,AMD,SHORT,144,149.22,150.77,-223.2,Trend Following,
2026-02-09T17:26:38.000Z,MARA,LONG,626,22.07,23.01,588.44,Earnings,Earnings drift continuation
2026-02-09T17:38:10.000Z,AMD,LONG,364,148.05,151.77,1354.08,Mean Reversion,Mean reversion short at resistance
2026-02-09T17:47:20.000Z,IWM,LONG,33,243.81,243.22,-19.47,Breakout,Pre-market gap up clean breakout
2026-02-09T17:54:58.000Z,COIN,LONG,81,259.88,269.37,768.69,Trend Following,Index momentum continuation
2026-02-09T18:29:25.000Z,SHOP,LONG,180,95.2,93.86,-241.2,Scalp,Counter-trend fade scalp
2026-02-09T19:36:45.000Z,UNH,SHORT,41,511.91,509.2,111.11,Earnings,Earnings drift continuation
2026-02-09T19:43:16.000Z,UBER,LONG,215,78.11,79.62,324.65,Mean Reversion,Oversold bounce
2026-02-10T13:31:07.000Z,UBER,LONG,317,77.53,76.92,-193.37,Scalp,Opening drive scalp
2026-02-10T13:37:30.000Z,NVDA,SHORT,199,201.06,204.27,-638.79,Scalp,Counter-trend fade scalp
2026-02-10T13:50:29.000Z,JPM,LONG,183,246.18,244.11,-378.81,Mean Reversion,
2026-02-10T13:59:42.000Z,NVDA,LONG,111,200.9,203.78,319.68,Breakout,Breakout retest hold
2026-02-10T14:20:29.000Z,META,SHORT,45,637.67,645.11,-334.8,Earnings,
2026-02-10T14:40:07.000Z,GOOGL,SHORT,84,193.17,194.42,-105,Earnings,Earnings miss reversal
2026-02-10T15:58:39.000Z,IWM,SHORT,96,244.07,242.13,186.24,Mean Reversion,Topping pattern fade
2026-02-10T16:05:40.000Z,MU,SHORT,122,109.67,111.82,-262.3,Scalp,Counter-trend fade scalp
2026-02-10T16:20:51.000Z,GS,LONG,49,606.11,616.01,485.1,Trend Following,20EMA trend long
2026-02-10T16:40:52.000Z,UNH,SHORT,99,506.59,500.08,644.49,Trend Following,
2026-02-10T16:48:08.000Z,UBER,SHORT,146,78.14,79.43,-188.34,Mean Reversion,Oversold bounce
2026-02-10T17:22:11.000Z,COIN,LONG,51,258.08,264.35,319.77,Scalp,Quick scalp
2026-02-10T18:07:11.000Z,BA,SHORT,126,196.66,194.92,219.24,Scalp,Power-hour scalp
2026-02-10T18:35:25.000Z,PLTR,SHORT,843,27.48,26.4,910.44,Trend Following,
2026-02-10T18:39:08.000Z,JNJ,SHORT,159,157.17,157.45,-44.52,Breakout,
2026-02-10T18:39:48.000Z,NFLX,LONG,81,690.78,702.98,988.2,Breakout,ATH breakout
2026-02-10T18:49:15.000Z,PLTR,LONG,654,27.66,27.25,-268.14,Mean Reversion,Mean reversion short at resistance
2026-02-10T19:10:33.000Z,AMZN,SHORT,159,207.47,209.31,-292.56,Earnings,Earnings drift continuation
2026-02-10T19:29:40.000Z,SHOP,LONG,170,95.28,93.99,-219.3,Earnings,Earnings miss reversal
2026-02-10T19:38:51.000Z,PLTR,SHORT,690,27.67,28.22,-379.5,Trend Following,20EMA trend long
2026-02-10T19:46:48.000Z,AMZN,SHORT,150,207.55,208.75,-180,Breakout,
2026-02-10T19:52:16.000Z,MARA,SHORT,790,22.11,22.97,-679.4,Earnings,
2026-02-11T14:45:14.000Z,PLTR,LONG,770,27.45,26.94,-392.7,Breakout,
2026-02-11T14:57:34.000Z,UNH,LONG,99,505.73,512.29,649.44,Earnings,Earnings miss reversal
2026-02-11T15:07:09.000Z,SHOP,SHORT,206,95.29,92.54,566.5,Breakout,Pre-market gap up clean breakout
2026-02-11T15:14:22.000Z,TSLA,LONG,50,316.84,320.13,164.5,Scalp,Counter-trend fade scalp
2026-02-11T15:15:38.000Z,GS,LONG,90,604.95,600.97,-358.2,Earnings,Post-earnings IV crush play
2026-02-11T15:17:09.000Z,QQQ,LONG,52,549.32,551.18,96.72,Mean Reversion,Topping pattern fade
2026-02-11T15:30:28.000Z,BAC,LONG,885,47.76,48,212.4,Trend Following,Tech rotation long
2026-02-11T15:45:26.000Z,AMZN,LONG,181,207.96,205.33,-476.03,Trend Following,20EMA trend long
2026-02-11T15:48:31.000Z,JNJ,SHORT,179,158.37,159.28,-162.89,Mean Reversion,Squeezed out early
2026-02-11T15:50:50.000Z,AVGO,LONG,70,193.89,191.04,-199.5,Earnings,Earnings drift continuation
2026-02-11T16:14:55.000Z,CRM,SHORT,85,296.33,297.68,-114.75,Breakout,ATH breakout
2026-02-11T18:20:27.000Z,NFLX,SHORT,16,694.35,700.72,-101.92,Scalp,Opening drive scalp
2026-02-11T18:25:48.000Z,SPY,LONG,68,605.25,604.19,-72.08,Scalp,
2026-02-11T19:08:09.000Z,AMD,LONG,186,147.6,145.33,-422.22,Earnings,Earnings miss reversal
2026-02-11T19:08:16.000Z,INTC,SHORT,528,31.51,31.75,-126.72,Breakout,"Failed breakout, stopped"
2026-02-11T19:21:22.000Z,MARA,LONG,419,21.86,22.68,343.58,Trend Following,VWAP reclaim long
2026-02-11T19:40:26.000Z,JNJ,SHORT,177,158.63,157.75,155.76,Mean Reversion,Fade gap up
2026-02-11T19:53:27.000Z,COIN,SHORT,74,256.71,251.12,413.66,Earnings,Earnings beat
2026-02-12T13:56:56.000Z,ORCL,LONG,109,167.8,166.48,-143.88,Trend Following,
2026-02-12T14:01:04.000Z,META,SHORT,11,632.28,636.54,-46.86,Scalp,
2026-02-12T14:35:23.000Z,MARA,SHORT,532,21.89,21.53,191.52,Mean Reversion,Mean reversion short at resistance
2026-02-12T14:42:58.000Z,JNJ,LONG,30,159.1,159.77,20.1,Trend Following,Trend continuation
2026-02-12T15:01:40.000Z,JNJ,LONG,106,157.54,156.69,-90.1,Scalp,
2026-02-12T15:18:44.000Z,GS,LONG,31,611.62,606.51,-158.41,Breakout,"Failed breakout, stopped"
2026-02-12T15:53:06.000Z,MARA,SHORT,529,22.08,20.82,666.54,Scalp,Opening drive scalp
2026-02-12T15:59:26.000Z,AMD,LONG,138,147.41,151.24,528.54,Scalp,Counter-trend fade scalp
2026-02-12T16:08:39.000Z,MSFT,SHORT,71,469.68,471.09,-100.11,Earnings,Post-earnings IV crush play
2026-02-12T16:27:00.000Z,PLTR,LONG,652,27.58,26.87,-462.92,Breakout,
2026-02-12T16:58:20.000Z,META,LONG,66,638.02,634.08,-260.04,Earnings,
2026-02-12T17:39:42.000Z,NFLX,LONG,47,690.14,685.53,-216.67,Scalp,Opening drive scalp
2026-02-12T17:58:20.000Z,BA,SHORT,69,196.7,194.82,129.72,Earnings,Post-earnings IV crush play
2026-02-12T18:00:05.000Z,NFLX,LONG,86,689.49,693.58,351.74,Earnings,Earnings beat
2026-02-12T18:14:24.000Z,COIN,LONG,101,257.04,267.78,1084.74,Earnings,Earnings beat
2026-02-12T18:36:10.000Z,PLTR,SHORT,783,27.7,26.79,712.53,Trend Following,Tech rotation long
2026-02-12T19:15:41.000Z,GOOGL,LONG,78,190.86,188.6,-176.28,Mean Reversion,Topping pattern fade
2026-02-13T13:32:46.000Z,JNJ,LONG,92,159.28,160.13,78.2,Breakout,Cup & handle breakout
2026-02-13T13:48:07.000Z,MSFT,LONG,73,472.02,470.31,-124.83,Scalp,
2026-02-13T14:20:39.000Z,META,LONG,67,630.18,641.88,783.9,Mean Reversion,Squeezed out early
2026-02-13T15:35:58.000Z,IWM,LONG,153,242.44,243.45,154.53,Mean Reversion,Topping pattern fade
2026-02-13T15:44:19.000Z,DIS,SHORT,352,104.1,102.42,591.36,Scalp,Power-hour scalp
2026-02-13T16:02:45.000Z,BAC,LONG,481,47.67,47.46,-101.01,Earnings,Post-earnings IV crush play
2026-02-13T16:21:53.000Z,SHOP,SHORT,197,95.29,93.28,395.97,Breakout,Range breakout on volume
2026-02-13T16:46:39.000Z,COIN,LONG,62,255.58,252.89,-166.78,Breakout,"Failed breakout, stopped"
2026-02-13T17:04:10.000Z,UBER,LONG,171,78.06,79.05,169.29,Trend Following,Stopped below trend line
2026-02-13T17:16:00.000Z,GS,SHORT,25,610.38,604.16,155.5,Scalp,Opening drive scalp
2026-02-13T17:33:26.000Z,AMZN,LONG,82,209.53,210.63,90.2,Trend Following,Stopped below trend line
2026-02-13T17:48:33.000Z,ORCL,SHORT,150,166.12,164.61,226.5,Mean Reversion,VWAP reversion
2026-02-13T17:50:20.000Z,XOM,LONG,160,118.86,119.61,120,Breakout,
2026-02-13T18:30:39.000Z,INTC,SHORT,547,31.85,32.4,-300.85,Trend Following,Trend continuation
2026-02-13T18:41:31.000Z,MSFT,SHORT,91,470.14,464.65,499.59,Scalp,
2026-02-13T18:46:51.000Z,BA,LONG,176,195.13,193.33,-316.8,Mean Reversion,Oversold bounce
2026-02-13T19:49:11.000Z,INTC,LONG,918,31.82,32.07,229.5,Breakout,ATH breakout
2026-02-16T14:14:35.000Z,UNH,SHORT,32,504.39,509.75,-171.52,Earnings,Earnings beat
2026-02-16T14:25:03.000Z,JNJ,SHORT,187,158.83,157.66,218.79,Earnings,Earnings miss reversal
2026-02-16T14:58:14.000Z,BA,LONG,184,195.89,192.02,-712.08,Mean Reversion,
2026-02-16T15:27:40.000Z,BAC,SHORT,317,47.48,48.03,-174.35,Trend Following,20EMA trend long
2026-02-16T15:35:25.000Z,AMZN,SHORT,190,208.86,211.3,-463.6,Mean Reversion,Squeezed out early
2026-02-16T15:36:52.000Z,MARA,SHORT,749,22.1,21.35,561.75,Scalp,Power-hour scalp
2026-02-16T15:45:42.000Z,PLTR,SHORT,408,27.57,26.88,281.52,Breakout,Bull flag continuation
2026-02-16T15:48:10.000Z,NFLX,LONG,52,689.6,684.59,-260.52,Scalp,Opening drive scalp
2026-02-16T16:46:09.000Z,NVDA,SHORT,197,201.42,196.67,935.75,Earnings,Earnings miss reversal
2026-02-16T16:59:59.000Z,AAPL,LONG,182,241.9,240.27,-296.66,Scalp,Power-hour scalp
2026-02-16T17:18:51.000Z,SPY,SHORT,10,605.35,607.95,-26,Scalp,Opening drive scalp
2026-02-16T17:46:49.000Z,MSFT,SHORT,13,472.18,465.86,82.16,Breakout,
2026-02-16T17:49:16.000Z,QQQ,SHORT,15,548.35,545.18,47.55,Scalp,Quick scalp
2026-02-16T17:56:32.000Z,JPM,SHORT,189,246.82,244.87,368.55,Mean Reversion,
2026-02-16T18:09:02.000Z,GS,LONG,32,615.5,619.05,113.6,Scalp,Quick scalp
2026-02-16T18:19:18.000Z,ORCL,SHORT,184,166.74,168.28,-283.36,Scalp,Opening drive scalp
2026-02-16T18:40:49.000Z,PLTR,LONG,788,27.78,28.54,598.88,Mean Reversion,VWAP reversion
2026-02-16T18:43:46.000Z,META,SHORT,86,636.75,645.3,-735.3,Earnings,Earnings drift continuation
2026-02-16T18:46:14.000Z,INTC,LONG,972,31.97,32.5,515.16,Mean Reversion,
2026-02-16T19:03:46.000Z,BA,LONG,109,196.19,200.81,503.58,Breakout,Cup & handle breakout
2026-02-16T19:08:46.000Z,AMD,LONG,159,149.6,148.18,-225.78,Scalp,
2026-02-16T19:21:56.000Z,SHOP,SHORT,370,95.79,94.2,588.3,Earnings,Post-earnings IV crush play
2026-02-16T19:40:27.000Z,PLTR,LONG,544,27.77,28.46,375.36,Breakout,
2026-02-17T13:33:15.000Z,PLTR,LONG,971,27.77,27.4,-359.27,Scalp,Power-hour scalp
2026-02-17T13:54:18.000Z,BAC,LONG,509,47.29,47.95,335.94,Mean Reversion,
2026-02-17T14:12:48.000Z,NVDA,SHORT,105,202.53,200.31,233.1,Scalp,Counter-trend fade scalp
2026-02-17T14:20:52.000Z,AMZN,SHORT,172,208.39,204.32,700.04,Trend Following,Tech rotation long
2026-02-17T14:54:42.000Z,BA,LONG,195,196.5,200.62,803.4,Breakout,ATH breakout
2026-02-17T15:02:46.000Z,GS,LONG,98,620.93,617.48,-338.1,Earnings,Earnings drift continuation
2026-02-17T15:10:53.000Z,AMD,LONG,325,148.8,152.78,1293.5,Earnings,
2026-02-17T15:21:19.000Z,QQQ,LONG,81,552.85,550.69,-174.96,Earnings,Earnings beat
2026-02-17T15:32:19.000Z,UBER,SHORT,234,76.98,75.99,231.66,Scalp,Quick scalp
2026-02-17T15:47:56.000Z,AAPL,LONG,93,241.52,240.04,-137.64,Scalp,Opening drive scalp
2026-02-17T16:25:40.000Z,GOOGL,LONG,192,189.7,192.12,464.64,Scalp,Opening drive scalp
2026-02-17T16:27:36.000Z,MARA,SHORT,546,22.04,21.63,223.86,Mean Reversion,
2026-02-17T16:44:21.000Z,CRM,SHORT,61,297.88,294.84,185.44,Trend Following,VWAP reclaim long
2026-02-17T17:16:02.000Z,AAPL,LONG,42,241.93,240.54,-58.38,Scalp,Quick scalp
2026-02-17T17:25:06.000Z,PLTR,SHORT,979,27.55,28.18,-616.77,Mean Reversion,Squeezed out early
2026-02-17T18:00:54.000Z,XOM,SHORT,148,117.83,118.53,-103.6,Trend Following,Tech rotation long
2026-02-17T18:09:48.000Z,XOM,LONG,310,118.16,119.8,508.4,Earnings,
2026-02-17T18:11:09.000Z,SHOP,SHORT,148,95.62,93.82,266.4,Earnings,
2026-02-17T18:13:48.000Z,BAC,LONG,797,47.44,47.61,135.49,Trend Following,
2026-02-17T18:31:03.000Z,PLTR,LONG,353,27.73,28.58,300.05,Mean Reversion,Fade gap up
2026-02-17T19:12:58.000Z,SPY,SHORT,77,611.65,609.55,161.7,Scalp,
2026-02-18T14:13:08.000Z,NVDA,SHORT,35,201.83,198.95,100.8,Earnings,Post-earnings IV crush play
2026-02-18T14:15:04.000Z,MU,LONG,113,110.67,111.79,126.56,Mean Reversion,Oversold bounce
2026-02-18T14:17:05.000Z,SHOP,LONG,367,95.31,94.73,-212.86,Earnings,Earnings beat
2026-02-18T14:20:48.000Z,AVGO,LONG,36,195.46,197.93,88.92,Scalp,
2026-02-18T14:27:09.000Z,PLTR,SHORT,389,27.49,26.67,318.98,Mean Reversion,Fade gap up
2026-02-18T14:33:47.000Z,JPM,LONG,116,246.84,247.79,110.2,Breakout,Breakout retest hold
2026-02-18T14:45:10.000Z,AVGO,LONG,170,195.74,192.83,-494.7,Scalp,Power-hour scalp
2026-02-18T14:47:47.000Z,AMD,LONG,375,148.97,145.9,-1151.25,Mean Reversion,Fade gap up
2026-02-18T15:00:40.000Z,BA,LONG,107,195.93,197.97,218.28,Mean Reversion,
2026-02-18T15:18:01.000Z,JNJ,LONG,81,158.24,158.95,57.51,Trend Following,Trend continuation
2026-02-18T16:01:39.000Z,IWM,LONG,106,243.38,241.95,-151.58,Scalp,Opening drive scalp
2026-02-18T16:08:59.000Z,QQQ,LONG,75,548.36,550.55,164.25,Mean Reversion,Mean reversion short at resistance
2026-02-18T17:14:44.000Z,MSFT,SHORT,96,473.07,471.2,179.52,Breakout,Cup & handle breakout
2026-02-18T17:46:29.000Z,SHOP,SHORT,190,96.23,97.47,-235.6,Breakout,"Failed breakout, stopped"
2026-02-18T18:11:49.000Z,INTC,LONG,474,32.2,31.71,-232.26,Breakout,Bull flag continuation
2026-02-18T18:21:58.000Z,QQQ,SHORT,69,552.9,555.87,-204.93,Scalp,
2026-02-18T18:22:32.000Z,INTC,LONG,902,32.13,32.93,721.6,Mean Reversion,
2026-02-18T18:24:51.000Z,IWM,LONG,144,241.93,243.38,208.8,Earnings,Earnings miss reversal
2026-02-18T18:33:12.000Z,SHOP,LONG,224,95.79,98.99,716.8,Trend Following,VWAP reclaim long
2026-02-18T18:58:14.000Z,BA,LONG,167,197.01,202.54,923.51,Earnings,Earnings miss reversal
2026-02-18T19:06:40.000Z,INTC,LONG,977,32.21,32.91,683.9,Scalp,
2026-02-19T14:15:22.000Z,SPY,SHORT,89,607.55,610.19,-234.96,Breakout,"Failed breakout, stopped"
2026-02-19T14:29:10.000Z,AMZN,LONG,78,208.12,211.76,283.92,Mean Reversion,
2026-02-19T15:03:49.000Z,NFLX,SHORT,20,688.81,695.93,-142.4,Earnings,
2026-02-19T15:20:19.000Z,SHOP,LONG,100,95.77,94.74,-103,Earnings,
2026-02-19T15:21:19.000Z,DIS,LONG,161,105.36,104.96,-64.4,Breakout,Pre-market gap up clean breakout
2026-02-19T15:22:56.000Z,MU,LONG,175,109.93,109.07,-150.5,Earnings,Earnings miss reversal
2026-02-19T15:40:55.000Z,AMD,LONG,234,149.73,151.73,468,Earnings,Earnings miss reversal
2026-02-19T16:55:07.000Z,MSFT,SHORT,56,470.7,475.28,-256.48,Earnings,Earnings drift continuation
2026-02-19T17:22:36.000Z,META,SHORT,89,631.34,626.54,427.2,Earnings,Post-earnings IV crush play
2026-02-19T17:24:18.000Z,MARA,LONG,464,22.11,21.59,-241.28,Trend Following,VWAP reclaim long
2026-02-19T17:37:05.000Z,PLTR,LONG,406,27.51,26.81,-284.2,Scalp,Counter-trend fade scalp
2026-02-19T18:22:38.000Z,CRM,LONG,136,294.3,290.51,-515.44,Scalp,Opening drive scalp
2026-02-19T18:25:23.000Z,COIN,SHORT,118,253.53,248.93,542.8,Trend Following,Stopped below trend line
2026-02-19T18:26:44.000Z,ORCL,LONG,81,165,163.65,-109.35,Earnings,
2026-02-19T18:32:15.000Z,SHOP,LONG,92,96.05,94.83,-112.24,Trend Following,
2026-02-19T18:36:20.000Z,NFLX,LONG,70,684.9,680.16,-331.8,Breakout,Breakout retest hold
2026-02-19T18:37:22.000Z,ORCL,LONG,174,165.74,167.25,262.74,Breakout,Breakout retest hold
2026-02-19T18:41:40.000Z,PLTR,LONG,437,27.57,27.03,-235.98,Breakout,Breakout retest hold
2026-02-19T18:55:11.000Z,PLTR,LONG,787,27.62,27.18,-346.28,Trend Following,Stopped below trend line
2026-02-19T19:52:05.000Z,TSLA,SHORT,155,318.38,323.25,-754.85,Trend Following,
2026-02-20T13:36:37.000Z,TSLA,SHORT,134,315.76,307.81,1065.3,Breakout,ATH breakout
2026-02-20T13:57:14.000Z,COIN,LONG,144,255.43,249.86,-802.08,Mean Reversion,VWAP reversion
2026-02-20T14:41:47.000Z,MSFT,SHORT,96,468.97,472.17,-307.2,Earnings,Earnings drift continuation
2026-02-20T15:09:18.000Z,IWM,LONG,30,243.73,246.55,84.6,Earnings,
2026-02-20T15:20:14.000Z,MSFT,SHORT,70,468.16,465.46,189,Mean Reversion,VWAP reversion
2026-02-20T15:47:49.000Z,AMD,LONG,162,149.29,147.5,-289.98,Mean Reversion,Topping pattern fade
2026-02-20T16:07:35.000Z,UBER,LONG,169,77.37,76.66,-119.99,Breakout,
2026-02-20T16:26:19.000Z,MSFT,SHORT,90,471.18,475.02,-345.6,Earnings,
2026-02-20T17:16:20.000Z,IWM,LONG,169,244.72,247.58,483.34,Trend Following,Tech rotation long
2026-02-20T17:43:13.000Z,MARA,LONG,929,22.1,22.76,613.14,Breakout,
2026-02-20T17:50:44.000Z,JPM,LONG,187,246.48,244.52,-366.52,Earnings,Earnings beat
2026-02-20T18:03:47.000Z,CRM,LONG,189,294.82,299.31,848.61,Scalp,
2026-02-20T18:06:38.000Z,DIS,SHORT,319,105.34,106.18,-267.96,Mean Reversion,
2026-02-20T18:07:24.000Z,AVGO,LONG,50,197.28,200.85,178.5,Scalp,
2026-02-20T18:44:06.000Z,AAPL,SHORT,33,243.35,242.24,36.63,Earnings,Post-earnings IV crush play
2026-02-20T18:56:55.000Z,MARA,LONG,570,22.19,21.85,-193.8,Breakout,Breakout retest hold
2026-02-20T19:03:03.000Z,IWM,LONG,123,244.13,242.09,-250.92,Earnings,Earnings drift continuation
2026-02-20T19:18:32.000Z,MSFT,LONG,64,467.32,469.08,112.64,Breakout,
2026-02-20T19:21:04.000Z,BA,LONG,51,196.15,194.71,-73.44,Mean Reversion,
2026-02-23T13:51:39.000Z,SPY,LONG,81,613.54,612.59,-76.95,Earnings,
2026-02-23T14:10:31.000Z,QQQ,LONG,11,550.85,555.54,51.59,Mean Reversion,Mean reversion short at resistance
2026-02-23T14:10:36.000Z,JNJ,LONG,41,157.86,157.35,-20.91,Trend Following,Tech rotation long
2026-02-23T14:14:24.000Z,GOOGL,LONG,124,190.81,189.97,-104.16,Earnings,Earnings drift continuation
2026-02-23T14:26:21.000Z,NFLX,LONG,34,682.53,673.03,-323,Scalp,Opening drive scalp
2026-02-23T14:33:42.000Z,ORCL,LONG,125,165.86,167.95,261.25,Mean Reversion,VWAP reversion
2026-02-23T15:11:37.000Z,CRM,LONG,63,296.45,300,223.65,Earnings,
2026-02-23T15:23:40.000Z,XOM,SHORT,369,117.36,118.24,-324.72,Mean Reversion,
2026-02-23T16:07:45.000Z,SHOP,LONG,175,95.89,95.05,-147,Mean Reversion,Oversold bounce
2026-02-23T16:07:53.000Z,IWM,SHORT,62,244.26,242.63,101.06,Earnings,Earnings beat
2026-02-23T16:25:50.000Z,AMD,LONG,186,150.29,153.41,580.32,Breakout,Range breakout on volume
2026-02-23T17:21:43.000Z,ORCL,SHORT,137,166.03,164.28,239.75,Breakout,Pre-market gap up clean breakout
2026-02-23T18:26:30.000Z,QQQ,SHORT,75,547.3,551.25,-296.25,Earnings,Earnings beat
2026-02-23T18:34:10.000Z,JNJ,SHORT,134,157.8,158.25,-60.3,Scalp,
2026-02-23T18:36:04.000Z,MU,LONG,289,111.15,114.03,832.32,Scalp,Power-hour scalp
2026-02-23T19:07:38.000Z,INTC,LONG,470,32.25,32,-117.5,Mean Reversion,Topping pattern fade
2026-02-23T19:09:06.000Z,COIN,LONG,54,257.18,261.56,236.52,Scalp,Power-hour scalp
2026-02-23T19:26:33.000Z,SHOP,SHORT,229,95.59,93.81,407.62,Mean Reversion,Squeezed out early
2026-02-24T14:49:13.000Z,UBER,SHORT,133,76.45,77.26,-107.73,Earnings,Earnings beat
2026-02-24T14:54:04.000Z,MU,SHORT,131,111.09,113.46,-310.47,Trend Following,
2026-02-24T15:50:00.000Z,NVDA,LONG,150,201.98,204.02,306,Earnings,Post-earnings IV crush play
2026-02-24T16:02:19.000Z,UBER,LONG,149,76.23,77.96,257.77,Scalp,Quick scalp
2026-02-24T16:19:15.000Z,MARA,SHORT,314,22.04,21.34,219.8,Breakout,Bull flag continuation
2026-02-24T16:43:40.000Z,CRM,LONG,44,297.74,301.62,170.72,Breakout,Bull flag continuation
2026-02-24T17:28:04.000Z,PLTR,LONG,746,27.29,28.09,596.8,Scalp,Power-hour scalp
2026-02-24T17:56:13.000Z,AMD,SHORT,222,150.63,151.83,-266.4,Breakout,Pre-market gap up clean breakout
2026-02-24T18:00:01.000Z,INTC,LONG,698,32.53,32.2,-230.34,Trend Following,Tech rotation long
2026-02-24T18:00:19.000Z,CRM,SHORT,113,297.45,294.6,322.05,Mean Reversion,Squeezed out early
2026-02-24T18:06:26.000Z,AAPL,SHORT,45,243.85,241.33,113.4,Scalp,
2026-02-24T18:16:14.000Z,MSFT,SHORT,54,470.58,466.07,243.54,Mean Reversion,Squeezed out early
2026-02-24T18:20:37.000Z,AMD,LONG,165,150.32,147.3,-498.3,Trend Following,VWAP reclaim long
2026-02-24T18:30:26.000Z,GS,LONG,93,618.46,628.15,901.17,Scalp,
2026-02-24T19:11:14.000Z,BA,SHORT,34,194.29,197.26,-100.98,Trend Following,Stopped below trend line
2026-02-24T19:19:40.000Z,INTC,LONG,893,32.32,31.95,-330.41,Trend Following,
2026-02-24T19:29:25.000Z,AVGO,SHORT,47,196,198.05,-96.35,Scalp,Quick scalp
2026-02-24T19:34:49.000Z,BAC,LONG,256,46.78,47.07,74.24,Scalp,Quick scalp
2026-02-24T19:41:34.000Z,AAPL,SHORT,87,242.58,238.74,334.08,Mean Reversion,
2026-02-25T13:57:15.000Z,ORCL,SHORT,88,167.49,169.42,-169.84,Mean Reversion,
2026-02-25T14:04:28.000Z,AVGO,SHORT,133,196.3,195.28,135.66,Earnings,Earnings miss reversal
2026-02-25T14:23:52.000Z,SHOP,LONG,145,96.12,97.46,194.3,Trend Following,Index momentum continuation
2026-02-25T15:00:53.000Z,JNJ,LONG,137,158.41,157.57,-115.08,Mean Reversion,Topping pattern fade
2026-02-25T15:10:18.000Z,JPM,LONG,107,248.48,247.03,-155.15,Mean Reversion,
2026-02-25T15:12:13.000Z,XOM,SHORT,291,116.98,117.34,-104.76,Scalp,Quick scalp
2026-02-25T15:27:48.000Z,JNJ,SHORT,55,159,159.76,-41.8,Mean Reversion,
2026-02-25T16:12:31.000Z,DIS,LONG,375,104.28,105.91,611.25,Earnings,
2026-02-25T17:07:25.000Z,GS,SHORT,42,618.24,610.75,314.58,Scalp,Quick scalp
2026-02-25T17:10:30.000Z,BAC,LONG,892,46.66,47.08,374.64,Scalp,Quick scalp
2026-02-25T17:19:32.000Z,AAPL,LONG,79,244.17,243.24,-73.47,Trend Following,VWAP reclaim long
2026-02-25T17:22:37.000Z,AMZN,SHORT,78,210.43,206.92,273.78,Scalp,Opening drive scalp
2026-02-25T17:40:20.000Z,ORCL,LONG,174,167.34,165.85,-259.26,Breakout,Bull flag continuation
2026-02-25T17:50:31.000Z,MSFT,LONG,67,465.18,462.47,-181.57,Breakout,Range breakout on volume
2026-02-25T18:15:05.000Z,TSLA,LONG,83,314.06,321.48,615.86,Earnings,Earnings miss reversal
2026-02-25T18:24:55.000Z,NFLX,LONG,81,680.24,697.02,1359.18,Trend Following,Index momentum continuation
2026-02-25T19:17:26.000Z,SHOP,LONG,279,96.27,99.15,803.52,Mean Reversion,
2026-02-25T19:40:14.000Z,PLTR,SHORT,331,27.5,28.06,-185.36,Earnings,Earnings miss reversal
2026-02-26T13:43:44.000Z,AAPL,SHORT,111,243.98,241.6,264.18,Breakout,"Failed breakout, stopped"
2026-02-26T13:52:29.000Z,TSLA,LONG,190,314.51,311.67,-539.6,Trend Following,20EMA trend long
2026-02-26T14:03:07.000Z,NFLX,LONG,14,683.37,687.91,63.56,Breakout,Pre-market gap up clean breakout
2026-02-26T14:26:54.000Z,MU,LONG,299,110.8,113.01,660.79,Trend Following,Stopped below trend line
2026-02-26T14:38:52.000Z,TSLA,SHORT,153,313.27,305.96,1118.43,Trend Following,
2026-02-26T15:18:05.000Z,IWM,LONG,177,241.44,240.27,-207.09,Mean Reversion,VWAP reversion
2026-02-26T15:45:23.000Z,CRM,LONG,133,295.78,294.25,-203.49,Breakout,"Failed breakout, stopped"
2026-02-26T15:55:24.000Z,MSFT,LONG,47,462.46,460.68,-83.66,Trend Following,Trend continuation
2026-02-26T16:10:05.000Z,GS,LONG,42,616.22,622.74,273.84,Mean Reversion,
2026-02-26T16:12:45.000Z,GOOGL,LONG,168,192.91,193.75,141.12,Trend Following,VWAP reclaim long
2026-02-26T16:16:21.000Z,AVGO,SHORT,96,195.08,196.76,-161.28,Earnings,
2026-02-26T16:21:34.000Z,ORCL,SHORT,94,168.09,165.71,223.72,Earnings,Earnings miss reversal
2026-02-26T16:35:54.000Z,JPM,LONG,198,248.48,247.73,-148.5,Mean Reversion,Fade gap up
2026-02-26T17:27:18.000Z,CRM,SHORT,41,297.43,298.75,-54.12,Breakout,ATH breakout
2026-02-26T17:54:41.000Z,AAPL,SHORT,132,243.81,244.76,-125.4,Earnings,Earnings drift continuation
2026-02-26T18:09:42.000Z,CRM,LONG,194,297.35,298.96,312.34,Earnings,
2026-02-26T18:11:02.000Z,ORCL,LONG,122,167.43,166.54,-108.58,Trend Following,Trend continuation
2026-02-26T18:21:49.000Z,MSFT,SHORT,67,462.46,465.25,-186.93,Scalp,
2026-02-26T18:22:16.000Z,JPM,SHORT,146,248.63,246.96,243.82,Breakout,
2026-02-26T19:39:40.000Z,SHOP,SHORT,221,96.1,97.01,-201.11,Scalp,Power-hour scalp
2026-02-26T19:51:41.000Z,COIN,LONG,77,255.83,252.7,-241.01,Breakout,"Failed breakout, stopped"
2026-02-27T13:34:09.000Z,PLTR,SHORT,553,27.62,27.91,-160.37,Breakout,Cup & handle breakout
2026-02-27T13:39:07.000Z,META,SHORT,22,629.56,633.1,-77.88,Earnings,
2026-02-27T13:54:31.000Z,PLTR,SHORT,289,27.68,26.67,291.89,Breakout,Pre-market gap up clean breakout
2026-02-27T13:54:36.000Z,SHOP,SHORT,333,96.01,96.62,-203.13,Mean Reversion,Fade gap up
2026-02-27T13:57:28.000Z,INTC,LONG,518,32.53,32.12,-212.38,Earnings,Earnings miss reversal
2026-02-27T15:56:25.000Z,GOOGL,LONG,87,192.45,195.72,284.49,Scalp,Power-hour scalp
2026-02-27T16:26:24.000Z,JPM,LONG,39,247.89,248.91,39.78,Breakout,Range breakout on volume
2026-02-27T16:26:41.000Z,AMD,SHORT,125,150.71,152.42,-213.75,Trend Following,
2026-02-27T16:38:48.000Z,SHOP,LONG,327,96.15,99.06,951.57,Earnings,
2026-02-27T16:45:28.000Z,TSLA,LONG,35,314.22,310.56,-128.1,Trend Following,Stopped below trend line
2026-02-27T17:09:01.000Z,NFLX,LONG,52,679.22,693.76,756.08,Breakout,ATH breakout
2026-02-27T17:09:43.000Z,UBER,LONG,326,76.22,76.63,133.66,Trend Following,20EMA trend long
2026-02-27T17:21:09.000Z,JNJ,LONG,169,157.5,157.11,-65.91,Scalp,Opening drive scalp
2026-02-27T17:25:46.000Z,JPM,LONG,108,246.72,249.39,288.36,Breakout,Cup & handle breakout
2026-02-27T17:29:38.000Z,AVGO,SHORT,85,196.57,192.79,321.3,Breakout,Breakout retest hold
2026-02-27T17:58:36.000Z,JNJ,LONG,106,158.84,159.53,73.14,Mean Reversion,Mean reversion short at resistance
2026-02-27T18:18:21.000Z,AAPL,LONG,191,243.79,241.88,-364.81,Breakout,ATH breakout
2026-02-27T18:46:41.000Z,INTC,LONG,372,32.64,32.93,107.88,Scalp,Power-hour scalp
2026-02-27T19:47:23.000Z,MU,LONG,138,109.91,108.39,-209.76,Scalp,Quick scalp
2026-03-02T13:57:09.000Z,NVDA,LONG,61,200.3,203.69,206.79,Scalp,
2026-03-02T14:01:49.000Z,JNJ,LONG,84,158.04,158.87,69.72,Mean Reversion,VWAP reversion
2026-03-02T14:17:41.000Z,TSLA,LONG,110,314.07,317.56,383.9,Scalp,
2026-03-02T14:21:31.000Z,UNH,SHORT,44,515.76,509.28,285.12,Earnings,
2026-03-02T14:47:21.000Z,BA,LONG,100,196.31,195.01,-130,Trend Following,
2026-03-02T14:55:39.000Z,SHOP,LONG,297,95.73,97.5,525.69,Scalp,Opening drive scalp
2026-03-02T15:13:15.000Z,NFLX,LONG,39,678.53,670.85,-299.52,Breakout,"Failed breakout, stopped"
2026-03-02T15:23:37.000Z,MU,LONG,281,111.33,109.85,-415.88,Trend Following,
2026-03-02T15:48:39.000Z,INTC,LONG,542,32.66,32.1,-303.52,Breakout,Cup & handle breakout
2026-03-02T15:51:31.000Z,AAPL,LONG,198,243.03,244.7,330.66,Mean Reversion,Oversold bounce
2026-03-02T16:33:56.000Z,UNH,LONG,27,515.98,522.31,170.91,Mean Reversion,
2026-03-02T16:37:56.000Z,MU,LONG,383,110.52,111.36,321.72,Earnings,Post-earnings IV crush play
2026-03-02T16:54:20.000Z,XOM,SHORT,175,117.32,116.71,106.75,Breakout,"Failed breakout, stopped"
2026-03-02T18:09:06.000Z,XOM,LONG,184,116.58,117.91,244.72,Scalp,Quick scalp
2026-03-02T18:10:16.000Z,GS,LONG,45,616.98,620.38,153,Trend Following,20EMA trend long
2026-03-02T18:17:56.000Z,MU,SHORT,191,110.74,108.56,416.38,Breakout,Pre-market gap up clean breakout
2026-03-02T18:56:45.000Z,MSFT,SHORT,27,465.24,459.04,167.4,Earnings,
2026-03-02T18:59:31.000Z,AAPL,LONG,43,244.15,247.24,132.87,Scalp,
2026-03-02T19:07:02.000Z,BA,SHORT,173,196.63,198.56,-333.89,Trend Following,
2026-03-02T19:26:28.000Z,COIN,LONG,48,259.24,262.62,162.24,Earnings,Post-earnings IV crush play
2026-03-02T19:29:49.000Z,NVDA,SHORT,130,201.37,198.56,365.3,Scalp,Power-hour scalp
2026-03-03T13:39:36.000Z,MARA,LONG,914,22.02,21.56,-420.44,Breakout,Breakout retest hold
2026-03-03T13:49:04.000Z,ORCL,SHORT,139,167.47,165.94,212.67,Scalp,
2026-03-03T13:49:24.000Z,INTC,LONG,252,32.9,33.32,105.84,Mean Reversion,Squeezed out early
2026-03-03T14:18:13.000Z,SHOP,SHORT,257,96.28,98.1,-467.74,Scalp,Counter-trend fade scalp
2026-03-03T14:49:10.000Z,NFLX,LONG,73,684.65,674.33,-753.36,Trend Following,Index momentum continuation
2026-03-03T15:38:21.000Z,JPM,SHORT,119,247.6,245.66,230.86,Earnings,Earnings drift continuation
2026-03-03T15:39:53.000Z,GS,LONG,20,615.98,618.57,51.8,Scalp,
2026-03-03T17:12:41.000Z,SHOP,SHORT,266,96.81,94.11,718.2,Breakout,Breakout retest hold
2026-03-03T17:15:13.000Z,MU,SHORT,145,111.24,108.53,392.95,Earnings,Post-earnings IV crush play
2026-03-03T17:28:24.000Z,GS,LONG,75,611.5,609.29,-165.75,Scalp,
2026-03-03T17:36:54.000Z,SPY,SHORT,57,607.24,610.63,-193.23,Scalp,
2026-03-03T17:53:43.000Z,SPY,LONG,96,606.04,604.68,-130.56,Trend Following,Trend continuation
2026-03-03T18:15:47.000Z,UNH,LONG,33,515.94,522.75,224.73,Scalp,Opening drive scalp
2026-03-03T18:54:42.000Z,GS,LONG,62,616.77,611.96,-298.22,Earnings,Post-earnings IV crush play
2026-03-03T19:46:47.000Z,MSFT,LONG,35,462.76,461.61,-40.25,Breakout,Bull flag continuation
2026-03-03T19:49:47.000Z,BA,LONG,182,195.46,194.04,-258.44,Mean Reversion,VWAP reversion
2026-03-03T19:51:23.000Z,GS,LONG,15,616.55,612.38,-62.55,Trend Following,Tech rotation long
2026-03-04T13:33:35.000Z,MU,LONG,332,112.21,113.2,328.68,Scalp,
2026-03-04T13:51:50.000Z,UBER,SHORT,104,76.79,77.29,-52,Breakout,
2026-03-04T13:54:21.000Z,JPM,SHORT,169,247.33,245.51,307.58,Mean Reversion,Squeezed out early
2026-03-04T14:35:25.000Z,NVDA,SHORT,91,202.74,205.82,-280.28,Breakout,Bull flag continuation
2026-03-04T14:48:36.000Z,XOM,SHORT,185,116.28,114.68,296,Scalp,Counter-trend fade scalp
2026-03-04T14:53:24.000Z,TSLA,LONG,137,315.09,319.42,593.21,Mean Reversion,
2026-03-04T14:56:34.000Z,TSLA,LONG,140,314.69,309.55,-719.6,Breakout,Cup & handle breakout
2026-03-04T15:09:53.000Z,ORCL,SHORT,42,166.09,164.55,64.68,Breakout,
2026-03-04T15:22:23.000Z,MU,SHORT,240,112.05,114.36,-554.4,Earnings,Earnings miss reversal
2026-03-04T15:27:25.000Z,BAC,SHORT,914,46.77,46.96,-173.66,Mean Reversion,Mean reversion short at resistance
2026-03-04T15:42:06.000Z,COIN,SHORT,123,259.68,251.57,997.53,Earnings,
2026-03-04T15:47:58.000Z,UBER,LONG,227,76.72,75.78,-213.38,Trend Following,Stopped below trend line
2026-03-04T15:51:44.000Z,META,LONG,51,633.92,628.95,-253.47,Earnings,Post-earnings IV crush play
2026-03-04T15:52:42.000Z,JPM,SHORT,178,248.82,246.58,398.72,Earnings,Post-earnings IV crush play
2026-03-04T16:33:49.000Z,XOM,LONG,119,116.43,117.03,71.4,Trend Following,
2026-03-04T16:44:48.000Z,UNH,LONG,81,518.43,522.84,357.21,Trend Following,Trend continuation
2026-03-04T17:07:17.000Z,META,LONG,78,632.03,627.1,-384.54,Scalp,Quick scalp
2026-03-04T17:31:17.000Z,JNJ,LONG,46,158.41,159.47,48.76,Scalp,Power-hour scalp
2026-03-04T17:36:20.000Z,SPY,SHORT,64,608.55,606.95,102.4,Mean Reversion,Squeezed out early
2026-03-04T19:00:12.000Z,QQQ,SHORT,51,550.54,546.24,219.3,Scalp,Counter-trend fade scalp
2026-03-04T19:13:00.000Z,UNH,LONG,93,513.99,522.75,814.68,Scalp,
2026-03-04T19:18:06.000Z,ORCL,LONG,113,166.97,168.06,123.17,Breakout,Pre-market gap up clean breakout
2026-03-04T19:32:35.000Z,SHOP,LONG,255,96.39,97.17,198.9,Trend Following,Trend continuation
2026-03-05T13:38:17.000Z,GOOGL,LONG,70,190.92,193.91,209.3,Mean Reversion,
2026-03-05T14:09:01.000Z,MU,SHORT,393,113.11,115.28,-852.81,Breakout,
2026-03-05T14:13:19.000Z,NVDA,SHORT,181,204.24,206.34,-380.1,Mean Reversion,Squeezed out early
2026-03-05T14:22:28.000Z,IWM,LONG,53,240.84,238.46,-126.14,Scalp,Quick scalp
2026-03-05T14:24:35.000Z,SPY,SHORT,81,609.27,610.71,-116.64,Trend Following,20EMA trend long
2026-03-05T14:50:28.000Z,GOOGL,SHORT,69,190.55,192.5,-134.55,Scalp,Opening drive scalp
2026-03-05T14:58:35.000Z,MARA,LONG,456,22.27,21.45,-373.92,Scalp,
2026-03-05T15:07:40.000Z,IWM,SHORT,100,241.1,239.8,130,Mean Reversion,Mean reversion short at resistance
2026-03-05T15:31:05.000Z,BAC,LONG,516,47.08,47.82,381.84,Mean Reversion,Mean reversion short at resistance
2026-03-05T15:53:13.000Z,MU,LONG,343,113.28,112.68,-205.8,Mean Reversion,VWAP reversion
2026-03-05T16:17:56.000Z,PLTR,LONG,493,28.15,27.79,-177.48,Mean Reversion,
2026-03-05T16:30:09.000Z,SHOP,LONG,228,96.48,99.08,592.8,Trend Following,
2026-03-05T17:08:55.000Z,BA,LONG,164,195,197.32,380.48,Trend Following,Tech rotation long
2026-03-05T17:19:28.000Z,SHOP,LONG,370,96.65,97.86,447.7,Earnings,Earnings drift continuation
2026-03-05T17:32:15.000Z,GS,SHORT,82,621.27,627.63,-521.52,Earnings,Earnings beat
2026-03-05T18:21:59.000Z,AMZN,LONG,73,211.58,208.74,-207.32,Mean Reversion,
2026-03-05T18:23:49.000Z,INTC,SHORT,724,32.41,32.92,-369.24,Scalp,Counter-trend fade scalp
2026-03-05T19:24:25.000Z,INTC,LONG,225,32.37,32.09,-63,Earnings,Earnings beat
2026-03-05T19:43:39.000Z,JNJ,LONG,109,157.35,156.59,-82.84,Scalp,Power-hour scalp
2026-03-05T19:49:08.000Z,AAPL,LONG,51,243.31,246.73,174.42,Mean Reversion,
2026-03-06T13:51:06.000Z,TSLA,LONG,163,314.29,320.12,950.29,Scalp,
2026-03-06T13:51:08.000Z,SPY,LONG,56,604.83,607.23,134.4,Trend Following,
2026-03-06T13:52:31.000Z,UNH,LONG,77,515.88,513.72,-166.32,Mean Reversion,Fade gap up
2026-03-06T14:28:51.000Z,PLTR,SHORT,210,28.33,27.68,136.5,Scalp,Opening drive scalp
2026-03-06T14:31:22.000Z,AVGO,LONG,55,193.47,196.57,170.5,Scalp,
2026-03-06T15:19:27.000Z,IWM,SHORT,182,241.49,243.59,-382.2,Trend Following,Index momentum continuation
2026-03-06T15:39:24.000Z,XOM,SHORT,287,115.56,114.22,384.58,Trend Following,20EMA trend long
2026-03-06T15:44:23.000Z,GS,LONG,99,621.74,614.62,-704.88,Trend Following,Tech rotation long
2026-03-06T16:12:14.000Z,JNJ,SHORT,199,157.12,155.83,256.71,Mean Reversion,Squeezed out early
2026-03-06T16:35:03.000Z,NVDA,LONG,36,201.98,204.1,76.32,Trend Following,Index momentum continuation
2026-03-06T16:39:43.000Z,MARA,LONG,464,22.1,21.64,-213.44,Scalp,Opening drive scalp
2026-03-06T17:35:25.000Z,COIN,LONG,102,260.34,257.17,-323.34,Mean Reversion,Topping pattern fade
2026-03-06T18:10:00.000Z,IWM,LONG,183,241.28,242.48,219.6,Breakout,Cup & handle breakout
2026-03-06T18:35:45.000Z,BAC,LONG,952,46.59,46.93,323.68,Earnings,
2026-03-06T18:41:06.000Z,UBER,SHORT,190,76.96,75.56,266,Scalp,Quick scalp
2026-03-06T18:46:15.000Z,QQQ,LONG,40,552.67,558.14,218.8,Mean Reversion,Topping pattern fade
2026-03-06T19:00:56.000Z,AMZN,LONG,62,210.96,213.88,181.04,Mean Reversion,Oversold bounce
2026-03-06T19:09:41.000Z,IWM,SHORT,164,242.03,240.27,288.64,Breakout,Range breakout on volume
2026-03-06T19:22:32.000Z,META,LONG,87,630.82,645.14,1245.84,Scalp,
2026-03-06T19:51:07.000Z,COIN,SHORT,46,258.74,248.91,452.18,Trend Following,
2026-03-06T19:51:57.000Z,ORCL,SHORT,178,165.99,166.52,-94.34,Earnings,
2026-03-09T13:36:52.000Z,MARA,LONG,792,22.12,21.67,-356.4,Mean Reversion,Fade gap up
2026-03-09T13:50:24.000Z,ORCL,LONG,48,166.59,168.96,113.76,Breakout,
2026-03-09T13:53:01.000Z,UNH,LONG,74,513.36,509.31,-299.7,Breakout,
2026-03-09T14:10:26.000Z,ORCL,SHORT,184,166.45,168.37,-353.28,Scalp,
2026-03-09T15:37:33.000Z,META,LONG,34,634.47,630.86,-122.74,Scalp,
2026-03-09T15:43:53.000Z,MU,LONG,102,113.47,111.39,-212.16,Mean Reversion,
2026-03-09T16:03:15.000Z,GS,LONG,19,625.13,622.99,-40.66,Trend Following,Trend continuation
2026-03-09T16:07:30.000Z,META,SHORT,41,629.51,617.25,502.66,Scalp,
2026-03-09T16:08:49.000Z,JPM,LONG,105,247.72,245.56,-226.8,Earnings,
2026-03-09T16:10:59.000Z,IWM,LONG,165,240.27,242,285.45,Scalp,
2026-03-09T16:12:03.000Z,JPM,LONG,149,247.58,246.17,-210.09,Breakout,Range breakout on volume
2026-03-09T16:43:46.000Z,AMD,SHORT,377,150.08,151.55,-554.19,Earnings,
2026-03-09T17:29:42.000Z,PLTR,SHORT,789,28.21,28.59,-299.82,Earnings,Post-earnings IV crush play
2026-03-09T18:27:57.000Z,XOM,LONG,137,114.7,113.62,-147.96,Trend Following,Index momentum continuation
2026-03-09T19:01:58.000Z,GOOGL,SHORT,192,193.3,195.36,-395.52,Scalp,Power-hour scalp
2026-03-09T19:12:48.000Z,ORCL,LONG,148,165.7,168.13,359.64,Mean Reversion,Mean reversion short at resistance
2026-03-09T19:17:23.000Z,DIS,LONG,80,106.32,105.16,-92.8,Breakout,Breakout retest hold
2026-03-09T19:42:48.000Z,XOM,SHORT,147,114.73,115.38,-95.55,Mean Reversion,Topping pattern fade
2026-03-09T19:52:15.000Z,INTC,LONG,463,32.36,32.55,87.97,Breakout,Cup & handle breakout
2026-03-10T13:40:43.000Z,AAPL,SHORT,118,240.1,237.7,283.2,Mean Reversion,Mean reversion short at resistance
2026-03-10T13:41:28.000Z,NFLX,LONG,55,689.37,697.08,424.05,Earnings,Earnings beat
2026-03-10T14:13:20.000Z,MU,SHORT,354,113.29,110.24,1079.7,Breakout,Cup & handle breakout
2026-03-10T14:38:33.000Z,NVDA,SHORT,60,202.99,199.72,196.2,Trend Following,20EMA trend long
2026-03-10T14:59:26.000Z,PLTR,SHORT,325,27.98,28.37,-126.75,Mean Reversion,VWAP reversion
2026-03-10T15:02:10.000Z,SHOP,LONG,347,96.55,95.16,-482.33,Mean Reversion,
2026-03-10T16:12:11.000Z,QQQ,LONG,99,555.74,558.58,281.16,Mean Reversion,Mean reversion short at resistance
2026-03-10T16:33:27.000Z,MU,LONG,333,112.93,115.32,795.87,Earnings,Earnings drift continuation
2026-03-10T16:36:57.000Z,INTC,LONG,474,32.38,31.89,-232.26,Earnings,Post-earnings IV crush play
2026-03-10T16:38:32.000Z,TSLA,SHORT,133,313.81,305.67,1082.62,Scalp,Opening drive scalp
2026-03-10T16:50:32.000Z,ORCL,SHORT,40,166.02,164.33,67.6,Earnings,Earnings beat
2026-03-10T17:03:21.000Z,NVDA,SHORT,98,202.9,199.77,306.74,Mean Reversion,Squeezed out early
2026-03-10T17:04:29.000Z,GOOGL,SHORT,124,194.06,192.17,234.36,Breakout,Breakout retest hold
2026-03-10T17:17:59.000Z,QQQ,SHORT,68,553.79,549.07,320.96,Mean Reversion,Fade gap up
2026-03-10T17:37:21.000Z,QQQ,LONG,15,555.06,553.34,-25.8,Mean Reversion,Mean reversion short at resistance
2026-03-10T17:44:01.000Z,AMZN,SHORT,101,210.48,206.5,401.98,Earnings,
2026-03-10T18:09:20.000Z,DIS,LONG,323,106.49,105.43,-342.38,Trend Following,VWAP reclaim long
2026-03-10T18:15:03.000Z,GS,LONG,36,616.97,614.1,-103.32,Breakout,
2026-03-10T18:20:49.000Z,BAC,LONG,473,47.16,47.89,345.29,Earnings,Earnings miss reversal
2026-03-10T18:34:10.000Z,NFLX,LONG,80,690.16,696.09,474.4,Breakout,
2026-03-10T18:41:35.000Z,TSLA,LONG,150,313.12,317.42,645,Earnings,
2026-03-11T13:47:08.000Z,MSFT,LONG,57,469.67,475.9,355.11,Earnings,Earnings beat
2026-03-11T13:48:33.000Z,INTC,LONG,396,32.48,32.02,-182.16,Earnings,Earnings miss reversal
2026-03-11T14:23:30.000Z,GOOGL,LONG,107,194.08,197.13,326.35,Breakout,
2026-03-11T14:48:12.000Z,NVDA,LONG,128,202.4,206.16,481.28,Trend Following,20EMA trend long
2026-03-11T14:53:49.000Z,UBER,SHORT,350,76.77,77.3,-185.5,Breakout,ATH breakout
2026-03-11T14:58:44.000Z,GOOGL,LONG,46,193.72,192.17,-71.3,Breakout,Pre-market gap up clean breakout
2026-03-11T15:07:26.000Z,PLTR,SHORT,378,28.03,28.56,-200.34,Mean Reversion,
2026-03-11T15:25:32.000Z,AVGO,SHORT,133,196.04,195.01,136.99,Scalp,
2026-03-11T16:11:57.000Z,CRM,SHORT,35,294.06,288.91,180.25,Trend Following,20EMA trend long
2026-03-11T17:07:14.000Z,UBER,SHORT,122,76.76,77.34,-70.76,Breakout,Pre-market gap up clean breakout
2026-03-11T17:48:06.000Z,DIS,LONG,380,106.41,107.84,543.4,Breakout,ATH breakout
2026-03-11T17:50:03.000Z,JPM,SHORT,81,246.17,245.1,86.67,Trend Following,20EMA trend long
2026-03-11T17:57:27.000Z,XOM,LONG,336,114.4,115.32,309.12,Earnings,Earnings beat
2026-03-11T18:08:47.000Z,AMZN,LONG,157,212.17,209.85,-364.24,Scalp,
2026-03-11T18:41:49.000Z,BAC,LONG,906,46.95,47.27,289.92,Earnings,Post-earnings IV crush play
2026-03-11T18:45:06.000Z,XOM,LONG,357,114.49,115.75,449.82,Mean Reversion,
2026-03-11T19:01:57.000Z,SPY,SHORT,54,604,601.14,154.44,Earnings,Earnings miss reversal
2026-03-11T19:39:27.000Z,BA,LONG,78,196.47,200.06,280.02,Mean Reversion,Fade gap up
2026-03-12T13:50:31.000Z,PLTR,LONG,406,27.99,27.76,-93.38,Breakout,Cup & handle breakout
2026-03-12T14:15:57.000Z,MARA,LONG,393,22.28,22.64,141.48,Scalp,
2026-03-12T14:20:17.000Z,NFLX,LONG,99,690.44,705.46,1486.98,Trend Following,Index momentum continuation
2026-03-12T14:46:57.000Z,XOM,LONG,324,115.1,114.56,-174.96,Scalp,Opening drive scalp
2026-03-12T15:13:02.000Z,AMZN,LONG,98,211.45,209.44,-196.98,Earnings,
2026-03-12T15:19:03.000Z,XOM,SHORT,127,115.58,114.98,76.2,Earnings,Earnings drift continuation
2026-03-12T15:19:07.000Z,JPM,LONG,105,247.23,248.77,161.7,Scalp,
2026-03-12T15:43:53.000Z,META,LONG,19,634.37,626.44,-150.67,Mean Reversion,
2026-03-12T16:10:14.000Z,MU,SHORT,311,113.96,111.66,715.3,Mean Reversion,Squeezed out early
2026-03-12T16:16:01.000Z,UBER,SHORT,244,76.55,76.95,-97.6,Mean Reversion,
2026-03-12T16:39:23.000Z,MU,SHORT,87,113.81,111.94,162.69,Mean Reversion,Fade gap up
2026-03-12T16:46:55.000Z,AVGO,SHORT,69,194,190.28,256.68,Breakout,
2026-03-12T17:14:50.000Z,AMD,LONG,207,149.52,153.71,867.33,Trend Following,Trend continuation
2026-03-12T17:45:11.000Z,NFLX,LONG,45,692.23,707.74,697.95,Scalp,Power-hour scalp
2026-03-12T17:54:52.000Z,AMD,SHORT,393,149.32,152.05,-1072.89,Trend Following,Index momentum continuation
2026-03-12T18:57:20.000Z,COIN,SHORT,103,258.42,253.39,518.09,Mean Reversion,Topping pattern fade
2026-03-12T19:12:41.000Z,IWM,LONG,155,242.12,240.31,-280.55,Scalp,
2026-03-12T19:20:32.000Z,AVGO,LONG,129,193.93,193.13,-103.2,Earnings,
2026-03-12T19:33:22.000Z,MU,SHORT,218,114.54,113.06,322.64,Breakout,Bull flag continuation
2026-03-12T19:39:01.000Z,AMD,SHORT,217,149.2,146.61,562.03,Trend Following,
2026-03-13T14:01:50.000Z,GOOGL,LONG,34,192.59,191.87,-24.48,Trend Following,
2026-03-13T14:07:58.000Z,AVGO,LONG,130,194.44,192.62,-236.6,Trend Following,Stopped below trend line
2026-03-13T14:23:45.000Z,CRM,LONG,157,293.23,291,-350.11,Scalp,
2026-03-13T14:51:08.000Z,GOOGL,SHORT,123,193.12,190.19,360.39,Earnings,Earnings drift continuation
2026-03-13T15:14:13.000Z,UBER,LONG,370,76.11,75.03,-399.6,Breakout,
2026-03-13T16:22:23.000Z,JPM,LONG,170,245.92,244.02,-323,Earnings,Earnings drift continuation
2026-03-13T16:25:56.000Z,CRM,LONG,158,293.31,296.95,575.12,Scalp,Quick scalp
2026-03-13T16:46:50.000Z,BA,LONG,70,194.07,191.87,-154,Breakout,"Failed breakout, stopped"
2026-03-13T16:49:10.000Z,MU,SHORT,393,113.68,111.65,797.79,Mean Reversion,
2026-03-13T16:52:16.000Z,MSFT,LONG,10,466.97,473.06,60.9,Mean Reversion,
2026-03-13T17:25:16.000Z,SPY,LONG,33,603.92,607.58,120.78,Scalp,
2026-03-13T17:51:46.000Z,AVGO,LONG,146,195.14,193.85,-188.34,Scalp,
2026-03-13T17:59:34.000Z,TSLA,LONG,64,312.21,318.47,400.64,Earnings,Earnings miss reversal
2026-03-13T18:21:47.000Z,TSLA,LONG,49,311.37,308.16,-157.29,Trend Following,Index momentum continuation
2026-03-13T18:23:27.000Z,SPY,SHORT,31,602.34,599.93,74.71,Scalp,Quick scalp
2026-03-13T18:28:26.000Z,GS,LONG,97,619.75,630.13,1006.86,Breakout,
2026-03-13T19:05:42.000Z,DIS,LONG,115,106.38,105.48,-103.5,Scalp,Power-hour scalp
2026-03-13T19:08:51.000Z,IWM,LONG,157,242.38,240.32,-323.42,Earnings,Post-earnings IV crush play
2026-03-13T19:26:02.000Z,UNH,SHORT,48,515.46,519.26,-182.4,Earnings,Earnings beat
2026-03-13T19:31:22.000Z,JNJ,LONG,143,157.19,158.16,138.71,Trend Following,Trend continuation
2026-03-16T14:16:29.000Z,IWM,SHORT,49,241.8,239.44,115.64,Earnings,
2026-03-16T14:40:40.000Z,UNH,SHORT,42,514.52,505.71,370.02,Mean Reversion,Squeezed out early
2026-03-16T14:47:33.000Z,MU,LONG,399,114.78,118.25,1384.53,Trend Following,VWAP reclaim long
2026-03-16T14:56:05.000Z,PLTR,SHORT,382,27.86,26.95,347.62,Trend Following,
2026-03-16T15:29:11.000Z,SPY,LONG,94,596.28,593.37,-273.54,Mean Reversion,VWAP reversion
2026-03-16T15:34:12.000Z,XOM,LONG,288,115.27,114.71,-161.28,Earnings,Earnings miss reversal
2026-03-16T15:50:54.000Z,NVDA,LONG,125,201.71,198.65,-382.5,Breakout,Range breakout on volume
2026-03-16T15:52:08.000Z,SHOP,SHORT,164,97.36,99.28,-314.88,Earnings,Earnings drift continuation
2026-03-16T16:50:34.000Z,AAPL,LONG,87,241.58,244.92,290.58,Scalp,Counter-trend fade scalp
2026-03-16T17:12:10.000Z,AMD,SHORT,250,148.34,145.2,785,Scalp,Quick scalp
2026-03-16T17:17:48.000Z,PLTR,LONG,928,27.85,27.36,-454.72,Scalp,Power-hour scalp
2026-03-16T17:29:04.000Z,XOM,SHORT,124,115.11,115.52,-50.84,Trend Following,Trend continuation
2026-03-16T17:48:09.000Z,GS,SHORT,85,626.27,634.07,-663,Scalp,Opening drive scalp
2026-03-16T18:09:37.000Z,NVDA,LONG,67,201.95,198.33,-242.54,Earnings,Earnings miss reversal
2026-03-16T18:14:37.000Z,META,LONG,47,633.28,647.79,681.97,Breakout,
2026-03-16T19:07:42.000Z,UBER,SHORT,238,76.3,76.94,-152.32,Mean Reversion,VWAP reversion
2026-03-16T19:16:45.000Z,SPY,LONG,43,598.12,594.31,-163.83,Trend Following,VWAP reclaim long
2026-03-17T13:41:22.000Z,NFLX,LONG,58,688.73,699.14,603.78,Trend Following,Tech rotation long
2026-03-17T13:56:12.000Z,MSFT,LONG,50,469.42,466.51,-145.5,Trend Following,VWAP reclaim long
2026-03-17T14:11:48.000Z,AVGO,SHORT,63,195.54,197.74,-138.6,Scalp,Quick scalp
2026-03-17T14:29:44.000Z,BA,SHORT,129,195.5,197.37,-241.23,Earnings,
2026-03-17T14:32:16.000Z,INTC,SHORT,871,32.3,32.72,-365.82,Scalp,Quick scalp
2026-03-17T14:35:12.000Z,SHOP,LONG,218,97.84,100.64,610.4,Scalp,Power-hour scalp
2026-03-17T14:51:24.000Z,AVGO,SHORT,129,195.24,197.3,-265.74,Trend Following,Tech rotation long
2026-03-17T15:32:24.000Z,IWM,LONG,190,241.26,239.07,-416.1,Mean Reversion,
2026-03-17T16:37:55.000Z,AAPL,LONG,146,242.96,241.97,-144.54,Mean Reversion,VWAP reversion
2026-03-17T17:09:54.000Z,MSFT,LONG,46,472.17,477.62,250.7,Mean Reversion,Mean reversion short at resistance
2026-03-17T17:54:26.000Z,UBER,LONG,111,77.13,75.93,-133.2,Mean Reversion,Oversold bounce
2026-03-17T18:15:12.000Z,SHOP,LONG,239,97.64,100.08,583.16,Earnings,
2026-03-17T18:25:12.000Z,NVDA,LONG,108,203.58,206.44,308.88,Earnings,Earnings miss reversal
2026-03-17T18:37:53.000Z,GS,LONG,22,625.59,635.17,210.76,Scalp,Power-hour scalp
2026-03-17T18:44:07.000Z,DIS,SHORT,176,105.02,105.58,-98.56,Scalp,Power-hour scalp
2026-03-17T19:02:29.000Z,CRM,SHORT,194,294.38,290.29,793.46,Earnings,
2026-03-17T19:04:35.000Z,CRM,SHORT,127,293.48,295.68,-279.4,Breakout,Range breakout on volume
2026-03-17T19:24:38.000Z,META,LONG,24,629.65,626.07,-85.92,Mean Reversion,Fade gap up
2026-03-17T19:28:31.000Z,SPY,SHORT,35,599.76,602.82,-107.1,Scalp,Counter-trend fade scalp
2026-03-17T19:42:42.000Z,AAPL,SHORT,86,243.11,245.26,-184.9,Scalp,Power-hour scalp
2026-03-17T19:54:40.000Z,NVDA,LONG,136,201.58,200.24,-182.24,Breakout,Bull flag continuation
2026-03-18T14:38:36.000Z,AVGO,LONG,31,195.26,193.62,-50.84,Earnings,Earnings beat
2026-03-18T14:59:34.000Z,AAPL,LONG,66,241.18,238.9,-150.48,Trend Following,20EMA trend long
2026-03-18T15:05:07.000Z,GOOGL,SHORT,183,192.26,193.63,-250.71,Scalp,Counter-trend fade scalp
2026-03-18T15:05:48.000Z,NVDA,SHORT,55,204.04,206.28,-123.2,Earnings,Earnings beat
2026-03-18T15:13:14.000Z,SHOP,LONG,190,98.51,100,283.1,Scalp,Opening drive scalp
2026-03-18T15:44:30.000Z,BAC,LONG,238,46.99,47.41,99.96,Trend Following,20EMA trend long
2026-03-18T15:52:15.000Z,MARA,SHORT,380,22.04,21.67,140.6,Mean Reversion,Mean reversion short at resistance
2026-03-18T15:56:03.000Z,UNH,LONG,61,511.81,520,499.59,Trend Following,20EMA trend long
2026-03-18T16:15:43.000Z,SPY,LONG,93,593.64,591.51,-198.09,Trend Following,Stopped below trend line
2026-03-18T17:01:45.000Z,UBER,SHORT,287,77.49,78.68,-341.53,Scalp,Power-hour scalp
2026-03-18T17:23:43.000Z,AVGO,LONG,160,196.65,195.49,-185.6,Earnings,Earnings beat
2026-03-18T17:53:40.000Z,BA,LONG,72,194.3,199.22,354.24,Earnings,
2026-03-18T18:01:36.000Z,MU,LONG,141,114.72,112.71,-283.41,Trend Following,
2026-03-18T18:07:41.000Z,DIS,SHORT,389,104.6,102.86,676.86,Scalp,
2026-03-18T18:38:36.000Z,NFLX,SHORT,97,690.33,694.47,-401.58,Trend Following,Index momentum continuation
2026-03-18T19:15:16.000Z,SHOP,LONG,315,98.79,97.66,-355.95,Breakout,Breakout retest hold
2026-03-18T19:38:02.000Z,NFLX,LONG,25,692.02,681.69,-258.25,Earnings,Earnings miss reversal
2026-03-18T19:44:07.000Z,JPM,SHORT,57,247.19,246.33,49.02,Mean Reversion,VWAP reversion
2026-03-18T19:45:53.000Z,GS,LONG,38,626.45,633.95,285,Mean Reversion,Oversold bounce
2026-03-18T19:53:13.000Z,DIS,LONG,184,104.79,105.77,180.32,Mean Reversion,
2026-03-18T19:54:25.000Z,SPY,SHORT,91,597.97,592.65,484.12,Scalp,Power-hour scalp
2026-03-19T13:42:45.000Z,INTC,LONG,420,32.29,32.73,184.8,Earnings,
2026-03-19T13:45:10.000Z,SHOP,LONG,203,97.54,95.56,-401.94,Scalp,Quick scalp
2026-03-19T13:48:27.000Z,BA,SHORT,136,192.94,196.46,-478.72,Mean Reversion,Squeezed out early
2026-03-19T13:59:56.000Z,TSLA,SHORT,72,309.69,312.48,-200.88,Mean Reversion,Topping pattern fade
2026-03-19T14:04:40.000Z,IWM,SHORT,130,241.52,238.56,384.8,Mean Reversion,Topping pattern fade
2026-03-19T14:20:02.000Z,DIS,LONG,189,104.14,104.61,88.83,Earnings,Earnings beat
2026-03-19T14:23:21.000Z,AVGO,LONG,78,196.4,193.82,-201.24,Mean Reversion,
2026-03-19T14:23:42.000Z,AMZN,LONG,174,212.37,215.81,598.56,Trend Following,Tech rotation long
2026-03-19T14:35:02.000Z,ORCL,SHORT,125,167.19,164.96,278.75,Mean Reversion,Mean reversion short at resistance
2026-03-19T14:42:15.000Z,UBER,LONG,297,77.3,76.47,-246.51,Trend Following,VWAP reclaim long
2026-03-19T14:50:33.000Z,UNH,LONG,82,515.01,522.76,635.5,Earnings,
2026-03-19T15:20:39.000Z,AMD,SHORT,166,149.48,146.83,439.9,Mean Reversion,Squeezed out early
2026-03-19T15:21:02.000Z,UNH,LONG,67,512.7,516.05,224.45,Trend Following,VWAP reclaim long
2026-03-19T15:29:32.000Z,MARA,LONG,756,22.12,21.42,-529.2,Scalp,Power-hour scalp
2026-03-19T15:52:42.000Z,COIN,LONG,112,255.97,260.56,514.08,Trend Following,Stopped below trend line
2026-03-19T16:27:29.000Z,BA,LONG,51,193.94,192.52,-72.42,Mean Reversion,Squeezed out early
2026-03-19T17:34:51.000Z,META,SHORT,66,633.82,637.95,-272.58,Earnings,
2026-03-19T17:40:50.000Z,XOM,LONG,92,114.82,116.63,166.52,Mean Reversion,Fade gap up
2026-03-19T18:14:19.000Z,UBER,LONG,296,76.73,77.91,349.28,Trend Following,Tech rotation long
2026-03-19T18:22:59.000Z,XOM,LONG,293,114.35,113.88,-137.71,Trend Following,20EMA trend long
2026-03-19T18:23:41.000Z,BA,LONG,139,193.82,197.46,505.96,Scalp,Counter-trend fade scalp
2026-03-19T18:58:49.000Z,PLTR,SHORT,844,28.05,28.39,-286.96,Trend Following,20EMA trend long
2026-03-19T19:38:28.000Z,INTC,LONG,456,32.45,32.29,-72.96,Trend Following,
2026-03-20T13:48:33.000Z,AAPL,LONG,171,245.43,248.21,475.38,Earnings,Earnings drift continuation
2026-03-20T14:54:16.000Z,JNJ,LONG,71,158.99,159.58,41.89,Earnings,Post-earnings IV crush play
2026-03-20T15:24:34.000Z,AMD,LONG,393,148.94,150.93,782.07,Earnings,
2026-03-20T15:33:29.000Z,GOOGL,LONG,152,191.55,189.82,-262.96,Scalp,Opening drive scalp
2026-03-20T16:01:10.000Z,COIN,SHORT,141,257.17,251.18,844.59,Breakout,
2026-03-20T16:04:09.000Z,SPY,LONG,97,594.46,591.83,-255.11,Breakout,Range breakout on volume
2026-03-20T16:29:45.000Z,GS,LONG,95,626.35,635.58,876.85,Mean Reversion,VWAP reversion
2026-03-20T16:48:48.000Z,MU,LONG,198,114.65,113.9,-148.5,Trend Following,
2026-03-20T17:02:58.000Z,MU,LONG,185,115.18,113.19,-368.15,Scalp,Counter-trend fade scalp
2026-03-20T17:08:43.000Z,UBER,LONG,122,77.52,78.38,104.92,Earnings,Earnings miss reversal
2026-03-20T17:14:04.000Z,JNJ,SHORT,176,158.57,159.23,-116.16,Scalp,
2026-03-20T17:26:05.000Z,UNH,LONG,31,511.35,504.95,-198.4,Earnings,
2026-03-20T17:37:08.000Z,CRM,LONG,132,292.59,294.33,229.68,Earnings,Earnings drift continuation
2026-03-20T17:45:15.000Z,XOM,SHORT,311,115,114.24,236.36,Scalp,
2026-03-20T18:18:03.000Z,INTC,LONG,853,32.15,32.72,486.21,Breakout,Range breakout on volume
2026-03-20T18:32:46.000Z,IWM,LONG,102,243.21,240.92,-233.58,Mean Reversion,
2026-03-20T18:37:11.000Z,UBER,SHORT,313,77.03,75.94,341.17,Breakout,
2026-03-20T18:45:02.000Z,MU,SHORT,306,114.66,113.36,397.8,Trend Following,20EMA trend long
2026-03-23T14:11:32.000Z,NVDA,LONG,152,204.33,207.91,544.16,Trend Following,Trend continuation
2026-03-23T15:09:09.000Z,NVDA,SHORT,84,204.34,202.12,186.48,Earnings,Earnings beat
2026-03-23T15:14:19.000Z,AMZN,LONG,78,212.26,215.67,265.98,Scalp,Quick scalp
2026-03-23T15:16:25.000Z,GOOGL,LONG,90,192.75,191.92,-74.7,Trend Following,VWAP reclaim long
2026-03-23T16:01:12.000Z,CRM,LONG,124,295.52,300.14,572.88,Trend Following,VWAP reclaim long
2026-03-23T16:02:18.000Z,SHOP,LONG,336,97.23,95.72,-507.36,Scalp,
2026-03-23T16:05:09.000Z,GOOGL,LONG,39,193.7,191.9,-70.2,Breakout,Pre-market gap up clean breakout
2026-03-23T16:11:03.000Z,ORCL,LONG,162,166.81,169.18,383.94,Scalp,Quick scalp
2026-03-23T16:12:25.000Z,GS,LONG,62,632.4,640.95,530.1,Trend Following,
2026-03-23T16:20:50.000Z,DIS,SHORT,223,104.29,102.6,376.87,Mean Reversion,Fade gap up
2026-03-23T16:52:05.000Z,GOOGL,LONG,178,192.48,194.28,320.4,Mean Reversion,Squeezed out early
2026-03-23T17:01:34.000Z,MU,LONG,388,114.24,112,-869.12,Mean Reversion,
2026-03-23T17:21:26.000Z,JPM,LONG,146,247.24,246.12,-163.52,Mean Reversion,Topping pattern fade
2026-03-23T17:23:28.000Z,CRM,LONG,146,294.59,292.9,-246.74,Breakout,Cup & handle breakout
2026-03-23T18:26:15.000Z,SHOP,LONG,90,97.17,95.95,-109.8,Earnings,
2026-03-23T18:40:50.000Z,MARA,SHORT,707,22.08,22.31,-162.61,Mean Reversion,Squeezed out early
2026-03-23T19:26:17.000Z,JPM,SHORT,79,246.94,247.67,-57.67,Earnings,Earnings miss reversal
2026-03-23T19:36:30.000Z,CRM,LONG,42,294.04,295.58,64.68,Earnings,Earnings miss reversal
2026-03-24T13:50:56.000Z,AMZN,SHORT,86,212.59,210.65,166.84,Trend Following,VWAP reclaim long
2026-03-24T14:04:46.000Z,DIS,SHORT,359,104.6,105.22,-222.58,Scalp,Quick scalp
2026-03-24T15:15:36.000Z,AAPL,SHORT,105,242.54,243.65,-116.55,Scalp,Opening drive scalp
2026-03-24T15:19:53.000Z,AVGO,LONG,86,194.57,196.14,135.02,Mean Reversion,Topping pattern fade
2026-03-24T15:39:25.000Z,MU,LONG,155,114.32,112.61,-265.05,Scalp,Quick scalp
2026-03-24T15:48:11.000Z,NVDA,SHORT,30,203.92,206.36,-73.2,Trend Following,
2026-03-24T16:04:32.000Z,AMZN,LONG,166,213.39,216.79,564.4,Earnings,Post-earnings IV crush play
2026-03-24T16:28:05.000Z,DIS,LONG,198,103.83,103.2,-124.74,Scalp,
2026-03-24T16:31:41.000Z,CRM,LONG,140,296.17,299.74,499.8,Scalp,Quick scalp
2026-03-24T16:49:08.000Z,JPM,LONG,88,247.33,249.8,217.36,Mean Reversion,
2026-03-24T16:53:43.000Z,TSLA,LONG,167,311.52,317.83,1053.77,Breakout,"Failed breakout, stopped"
2026-03-24T17:02:13.000Z,XOM,LONG,183,114.66,115.16,91.5,Trend Following,20EMA trend long
2026-03-24T17:05:05.000Z,DIS,SHORT,333,104.35,103.69,219.78,Earnings,
2026-03-24T17:30:35.000Z,AVGO,LONG,109,194.29,197.91,394.58,Mean Reversion,VWAP reversion
2026-03-24T17:39:50.000Z,META,LONG,35,635.68,626.69,-314.65,Scalp,Counter-trend fade scalp
2026-03-24T18:02:19.000Z,INTC,LONG,294,32.31,32.71,117.6,Trend Following,Trend continuation
2026-03-24T18:46:36.000Z,BA,LONG,168,195.22,200.08,816.48,Earnings,Earnings miss reversal
2026-03-25T13:32:58.000Z,UNH,LONG,73,516,518.39,174.47,Scalp,Quick scalp
2026-03-25T13:46:12.000Z,GS,LONG,60,630.47,623.07,-444,Trend Following,
2026-03-25T13:57:08.000Z,META,LONG,66,631.17,626.64,-298.98,Earnings,Earnings beat
2026-03-25T14:14:41.000Z,GS,LONG,61,630.35,623.09,-442.86,Scalp,Counter-trend fade scalp
2026-03-25T14:43:54.000Z,AMZN,SHORT,171,210.79,209.43,232.56,Mean Reversion,VWAP reversion
2026-03-25T14:48:57.000Z,SHOP,SHORT,245,98.07,100.47,-588,Mean Reversion,Squeezed out early
2026-03-25T15:01:34.000Z,NFLX,SHORT,71,699.74,693.18,465.76,Breakout,Cup & handle breakout
2026-03-25T15:21:10.000Z,PLTR,LONG,351,27.81,27.24,-200.07,Breakout,
2026-03-25T16:04:00.000Z,NVDA,LONG,92,204.45,206.21,161.92,Earnings,Earnings miss reversal
2026-03-25T16:26:39.000Z,NVDA,LONG,75,205.25,203.29,-147,Mean Reversion,Fade gap up
2026-03-25T17:05:50.000Z,JNJ,LONG,88,159.13,158.61,-45.76,Scalp,Power-hour scalp
2026-03-25T17:10:03.000Z,JPM,LONG,191,246.94,249.35,460.31,Earnings,Earnings miss reversal
2026-03-25T17:23:55.000Z,SPY,LONG,44,593.12,591.18,-85.36,Trend Following,Index momentum continuation
2026-03-25T17:37:08.000Z,META,LONG,43,636.76,632.88,-166.84,Earnings,Earnings miss reversal
2026-03-25T18:07:03.000Z,DIS,LONG,394,104.6,105.96,535.84,Trend Following,VWAP reclaim long
2026-03-25T18:22:47.000Z,PLTR,SHORT,638,27.86,27.58,178.64,Trend Following,Trend continuation
2026-03-25T18:35:44.000Z,XOM,SHORT,97,114.79,115.36,-55.29,Trend Following,Trend continuation
2026-03-25T18:42:17.000Z,GOOGL,LONG,141,193.4,195.16,248.16,Scalp,Power-hour scalp
2026-03-25T19:23:17.000Z,DIS,LONG,278,104.55,105.86,364.18,Breakout,ATH breakout
2026-03-25T19:30:45.000Z,AAPL,SHORT,60,240.34,242.5,-129.6,Breakout,Breakout retest hold
2026-03-25T19:40:28.000Z,ORCL,LONG,130,166.78,168.33,201.5,Mean Reversion,Oversold bounce
2026-03-26T14:07:27.000Z,IWM,LONG,139,243.41,244.35,130.66,Earnings,Earnings miss reversal
2026-03-26T14:21:40.000Z,QQQ,LONG,19,550.2,548.11,-39.71,Trend Following,Stopped below trend line
2026-03-26T14:37:19.000Z,DIS,SHORT,362,104.09,102.13,709.52,Breakout,"Failed breakout, stopped"
2026-03-26T15:09:36.000Z,UBER,LONG,306,76.8,76.45,-107.1,Scalp,Power-hour scalp
2026-03-26T15:14:39.000Z,PLTR,SHORT,560,27.57,28.35,-436.8,Earnings,
2026-03-26T15:19:29.000Z,AVGO,LONG,82,194.42,196.35,158.26,Breakout,ATH breakout
2026-03-26T15:25:26.000Z,JPM,LONG,79,248.05,246.74,-103.49,Scalp,
2026-03-26T15:29:04.000Z,BA,SHORT,142,195.45,192.24,455.82,Mean Reversion,Fade gap up
2026-03-26T15:50:45.000Z,DIS,SHORT,154,104.15,105.15,-154,Scalp,Counter-trend fade scalp
2026-03-26T16:05:32.000Z,JNJ,SHORT,33,159.64,158.42,40.26,Scalp,
2026-03-26T16:13:07.000Z,SHOP,LONG,242,98.34,96.38,-474.32,Trend Following,VWAP reclaim long
2026-03-26T16:16:36.000Z,PLTR,SHORT,203,27.77,26.95,166.46,Scalp,Power-hour scalp
2026-03-26T16:41:49.000Z,CRM,LONG,136,297.17,301.41,576.64,Trend Following,Tech rotation long
2026-03-26T16:46:33.000Z,META,LONG,36,637.29,631.06,-224.28,Earnings,
2026-03-26T16:49:31.000Z,META,LONG,71,638.93,653.58,1040.15,Earnings,Post-earnings IV crush play
2026-03-26T16:50:12.000Z,DIS,LONG,230,103.84,103.37,-108.1,Breakout,Breakout retest hold
2026-03-26T17:33:56.000Z,XOM,SHORT,322,115.14,115.99,-273.7,Mean Reversion,VWAP reversion
2026-03-26T17:38:10.000Z,XOM,LONG,164,114.69,113.53,-190.24,Breakout,Bull flag continuation
2026-03-26T18:10:10.000Z,JNJ,LONG,48,160.99,161.84,40.8,Mean Reversion,
2026-03-26T19:06:10.000Z,AAPL,LONG,41,242.33,241.56,-31.57,Earnings,Earnings beat
2026-03-27T13:34:44.000Z,UBER,LONG,82,76.71,77.66,77.9,Breakout,ATH breakout
2026-03-27T13:38:53.000Z,NFLX,SHORT,55,697.01,681.03,878.9,Earnings,Earnings miss reversal
2026-03-27T14:20:27.000Z,MARA,LONG,906,22.21,21.41,-724.8,Trend Following,20EMA trend long
2026-03-27T14:21:51.000Z,UBER,LONG,381,76.64,77.79,438.15,Trend Following,Tech rotation long
2026-03-27T14:25:44.000Z,AMD,LONG,151,149.53,148.19,-202.34,Breakout,
2026-03-27T14:33:28.000Z,INTC,LONG,797,32.69,32.52,-135.49,Earnings,Post-earnings IV crush play
2026-03-27T15:01:12.000Z,DIS,SHORT,106,103.44,104.59,-121.9,Earnings,Earnings drift continuation
2026-03-27T15:06:29.000Z,MARA,SHORT,471,22.12,21.64,226.08,Earnings,Earnings beat
2026-03-27T15:35:31.000Z,UBER,SHORT,99,76.63,77.86,-121.77,Trend Following,Index momentum continuation
2026-03-27T15:46:04.000Z,MU,LONG,196,115.17,117.42,441,Earnings,Post-earnings IV crush play
2026-03-27T16:03:27.000Z,CRM,LONG,96,296.04,294.17,-179.52,Mean Reversion,Squeezed out early
2026-03-27T16:03:45.000Z,GOOGL,SHORT,151,191.82,193.44,-244.62,Breakout,"Failed breakout, stopped"
2026-03-27T16:31:58.000Z,GS,LONG,14,632.63,630.18,-34.3,Trend Following,Stopped below trend line
2026-03-27T17:27:20.000Z,AAPL,SHORT,149,241.65,240,245.85,Earnings,
2026-03-27T17:32:04.000Z,CRM,LONG,72,296.67,295.09,-113.76,Breakout,ATH breakout
2026-03-27T17:43:06.000Z,SPY,LONG,78,590.98,595.05,317.46,Mean Reversion,Mean reversion short at resistance
2026-03-27T18:10:19.000Z,DIS,SHORT,115,103.21,102.33,101.2,Breakout,Pre-market gap up clean breakout
2026-03-27T18:32:13.000Z,META,SHORT,32,643.02,629.17,443.2,Breakout,ATH breakout
2026-03-27T18:34:00.000Z,NFLX,LONG,72,696.69,690.33,-457.92,Earnings,
2026-03-27T18:35:36.000Z,JPM,SHORT,59,247.11,249.11,-118,Trend Following,Stopped below trend line
2026-03-27T19:11:55.000Z,NVDA,LONG,98,202.99,199.91,-301.84,Mean Reversion,
2026-03-27T19:31:08.000Z,QQQ,SHORT,86,549.45,552.54,-265.74,Trend Following,Stopped below trend line
2026-03-30T14:03:44.000Z,IWM,LONG,196,244.64,247.33,527.24,Trend Following,
2026-03-30T15:10:14.000Z,MSFT,LONG,44,476.74,478.64,83.6,Scalp,Counter-trend fade scalp
2026-03-30T15:11:00.000Z,DIS,LONG,109,103.44,105.08,178.76,Scalp,Counter-trend fade scalp
2026-03-30T15:19:04.000Z,ORCL,LONG,94,165.21,164.52,-64.86,Scalp,
2026-03-30T15:35:45.000Z,NVDA,LONG,65,203.95,206.63,174.2,Scalp,Opening drive scalp
2026-03-30T15:46:17.000Z,AAPL,SHORT,130,243.15,242.2,123.5,Scalp,Quick scalp
2026-03-30T16:24:15.000Z,MSFT,LONG,35,474.52,480.14,196.7,Breakout,Cup & handle breakout
2026-03-30T16:26:49.000Z,AMD,SHORT,325,150.14,153.05,-945.75,Breakout,
2026-03-30T16:53:27.000Z,JPM,LONG,154,248.22,246.96,-194.04,Earnings,Earnings beat
2026-03-30T17:12:57.000Z,UBER,LONG,115,77.12,76.63,-56.35,Breakout,Breakout retest hold
2026-03-30T17:17:27.000Z,JNJ,LONG,175,161.18,162.25,187.25,Trend Following,20EMA trend long
2026-03-30T17:33:14.000Z,AMZN,SHORT,84,213.51,216.3,-234.36,Scalp,Counter-trend fade scalp
2026-03-30T18:01:48.000Z,DIS,LONG,208,103.03,103.75,149.76,Trend Following,Index momentum continuation
2026-03-30T18:07:20.000Z,AVGO,SHORT,112,194.88,197.72,-318.08,Trend Following,Stopped below trend line
2026-03-30T18:30:24.000Z,UNH,LONG,73,515.53,510.28,-383.25,Trend Following,Stopped below trend line
2026-03-30T18:59:46.000Z,GOOGL,LONG,65,192.13,190.35,-115.7,Earnings,Post-earnings IV crush play
2026-03-30T19:12:46.000Z,IWM,LONG,93,244.21,247.13,271.56,Mean Reversion,
2026-03-30T19:14:56.000Z,COIN,LONG,159,255.18,263.89,1384.89,Mean Reversion,Oversold bounce
2026-03-30T19:21:26.000Z,COIN,LONG,106,255.73,253.78,-206.7,Scalp,
2026-03-31T13:44:50.000Z,MARA,SHORT,236,22.16,22.67,-120.36,Trend Following,
2026-03-31T14:01:26.000Z,BAC,SHORT,371,47.25,46.63,230.02,Mean Reversion,Oversold bounce
2026-03-31T14:35:57.000Z,MU,LONG,162,115.75,118.77,489.24,Mean Reversion,VWAP reversion
2026-03-31T14:37:31.000Z,AMD,LONG,149,149.1,151.32,330.78,Breakout,"Failed breakout, stopped"
2026-03-31T14:50:13.000Z,UBER,LONG,217,76.86,77.87,219.17,Scalp,Quick scalp
2026-03-31T15:13:12.000Z,NVDA,SHORT,180,201.54,200.26,230.4,Earnings,
2026-03-31T15:13:26.000Z,TSLA,SHORT,52,311.17,312.89,-89.44,Mean Reversion,
2026-03-31T15:18:46.000Z,BA,LONG,130,194.6,190.95,-474.5,Mean Reversion,
2026-03-31T15:22:37.000Z,DIS,LONG,266,103.31,105.18,497.42,Breakout,Cup & handle breakout
2026-03-31T15:27:02.000Z,AMD,SHORT,178,149.02,151.57,-453.9,Earnings,
2026-03-31T16:31:19.000Z,GOOGL,LONG,159,193.54,196.5,470.64,Breakout,Pre-market gap up clean breakout
2026-03-31T17:25:19.000Z,MARA,LONG,452,22.24,22.84,271.2,Mean Reversion,Oversold bounce
2026-03-31T17:38:43.000Z,AMD,LONG,351,149.79,153.61,1340.82,Mean Reversion,Fade gap up
2026-03-31T17:49:36.000Z,SPY,LONG,32,593.02,590.94,-66.56,Mean Reversion,Mean reversion short at resistance
2026-03-31T17:55:37.000Z,NVDA,LONG,52,202.87,204.65,92.56,Trend Following,VWAP reclaim long
2026-03-31T18:19:20.000Z,CRM,LONG,124,295.57,297.76,271.56,Mean Reversion,Oversold bounce
2026-03-31T18:26:53.000Z,XOM,LONG,353,115.4,116.62,430.66,Breakout,Bull flag continuation
2026-03-31T19:22:54.000Z,INTC,LONG,368,32.51,33.05,198.72,Breakout,"Failed breakout, stopped"
2026-03-31T19:39:42.000Z,META,LONG,89,642.96,657.74,1315.42,Mean Reversion,Fade gap up
2026-04-01T13:56:24.000Z,UBER,SHORT,310,77.43,78.58,-356.5,Mean Reversion,Squeezed out early
2026-04-01T14:03:44.000Z,ORCL,SHORT,107,166.32,167.25,-99.51,Breakout,
2026-04-01T14:45:51.000Z,UBER,LONG,265,76.96,76.65,-82.15,Scalp,Power-hour scalp
2026-04-01T15:35:43.000Z,GS,SHORT,42,630.85,636.08,-219.66,Scalp,Power-hour scalp
2026-04-01T15:36:42.000Z,SHOP,LONG,85,98.48,96.36,-180.2,Earnings,Earnings drift continuation
2026-04-01T15:36:54.000Z,UBER,LONG,380,77.3,78.66,516.8,Mean Reversion,
2026-04-01T15:45:27.000Z,IWM,LONG,167,243.82,241.42,-400.8,Breakout,"Failed breakout, stopped"
2026-04-01T16:29:10.000Z,MSFT,SHORT,89,475.73,477.42,-150.41,Earnings,
2026-04-01T16:41:39.000Z,ORCL,LONG,41,166.42,167.08,27.06,Mean Reversion,Oversold bounce
2026-04-01T17:28:49.000Z,SPY,LONG,17,589.03,586.95,-35.36,Mean Reversion,Oversold bounce
2026-04-01T17:57:02.000Z,JPM,LONG,48,249.83,252.97,150.72,Earnings,
2026-04-01T18:13:55.000Z,COIN,LONG,59,254.15,262.84,512.71,Earnings,
2026-04-01T18:23:15.000Z,MARA,LONG,411,22.04,21.27,-316.47,Earnings,Earnings drift continuation
2026-04-01T18:39:39.000Z,ORCL,LONG,68,165.45,164.95,-34,Earnings,
2026-04-01T18:54:51.000Z,BA,LONG,177,194.86,192.92,-343.38,Breakout,Range breakout on volume
2026-04-01T19:04:06.000Z,META,LONG,62,645.81,652.07,388.12,Earnings,Earnings beat
2026-04-01T19:37:56.000Z,GS,LONG,56,631.67,636.36,262.64,Trend Following,
2026-04-01T19:43:02.000Z,MARA,SHORT,563,22.1,22.35,-140.75,Breakout,Bull flag continuation
2026-04-01T19:48:56.000Z,META,LONG,46,643.66,634.87,-404.34,Mean Reversion,Topping pattern fade
2026-04-02T13:40:35.000Z,COIN,SHORT,107,254.84,262.27,-795.01,Trend Following,20EMA trend long
2026-04-02T13:46:59.000Z,NFLX,SHORT,73,698.62,688.82,715.4,Scalp,Power-hour scalp
2026-04-02T14:07:42.000Z,DIS,SHORT,92,102.88,103.39,-46.92,Trend Following,Tech rotation long
2026-04-02T14:12:37.000Z,AMD,LONG,133,148.67,147.06,-214.13,Trend Following,Stopped below trend line
2026-04-02T14:25:03.000Z,NVDA,LONG,148,201.58,198.09,-516.52,Scalp,Counter-trend fade scalp
2026-04-02T14:28:41.000Z,AMZN,LONG,105,213.38,211.59,-187.95,Earnings,
2026-04-02T15:05:21.000Z,BA,SHORT,77,194.95,192.42,194.81,Trend Following,Index momentum continuation
2026-04-02T15:32:56.000Z,JNJ,SHORT,141,160.6,161.63,-145.23,Trend Following,Index momentum continuation
2026-04-02T15:37:22.000Z,COIN,LONG,112,253.82,251.96,-208.32,Earnings,
2026-04-02T15:53:53.000Z,NVDA,SHORT,49,200.89,198.7,107.31,Mean Reversion,Mean reversion short at resistance
2026-04-02T16:12:33.000Z,GOOGL,SHORT,187,192.43,191.45,183.26,Scalp,Quick scalp
2026-04-02T16:38:16.000Z,MSFT,LONG,23,478.54,480.54,46,Trend Following,Stopped below trend line
2026-04-02T17:04:50.000Z,ORCL,LONG,176,165.51,167.3,315.04,Trend Following,Trend continuation
2026-04-02T17:32:53.000Z,SHOP,SHORT,279,98.53,95.96,717.03,Mean Reversion,
2026-04-02T17:35:51.000Z,IWM,LONG,72,244.51,242.63,-135.36,Breakout,
2026-04-02T17:53:21.000Z,GS,LONG,29,633.5,628.72,-138.62,Mean Reversion,Squeezed out early
2026-04-02T17:59:05.000Z,SHOP,LONG,139,98.28,96.22,-286.34,Mean Reversion,Oversold bounce
2026-04-02T17:59:28.000Z,UNH,SHORT,60,510.66,506.01,279,Breakout,Pre-market gap up clean breakout
2026-04-02T17:59:38.000Z,IWM,SHORT,39,243.38,242.38,39,Mean Reversion,Mean reversion short at resistance
2026-04-02T17:59:51.000Z,COIN,SHORT,42,254.42,257.92,-147,Trend Following,Stopped below trend line
2026-04-02T18:30:39.000Z,CRM,SHORT,155,296.17,291.04,795.15,Earnings,
2026-04-02T18:51:53.000Z,MSFT,SHORT,80,478.29,474.28,320.8,Trend Following,
2026-04-02T18:56:38.000Z,GOOGL,LONG,144,192.74,194.42,241.92,Scalp,Quick scalp
2026-04-03T13:31:52.000Z,CRM,LONG,68,297.21,293.75,-235.28,Mean Reversion,Oversold bounce
2026-04-03T14:04:35.000Z,SPY,LONG,12,591.2,587.76,-41.28,Trend Following,VWAP reclaim long
2026-04-03T15:11:45.000Z,MSFT,SHORT,27,480.21,484.52,-116.37,Breakout,Range breakout on volume
2026-04-03T15:22:05.000Z,BAC,LONG,352,47.99,47.48,-179.52,Breakout,
2026-04-03T15:35:06.000Z,JNJ,SHORT,154,161.55,162.24,-106.26,Breakout,
2026-04-03T15:58:17.000Z,ORCL,SHORT,148,167.55,168.15,-88.8,Scalp,
2026-04-03T16:16:00.000Z,IWM,SHORT,35,244.03,245.78,-61.25,Scalp,Opening drive scalp
2026-04-03T17:18:39.000Z,NVDA,LONG,71,200.95,197.89,-217.26,Trend Following,
2026-04-03T17:21:58.000Z,COIN,LONG,118,252.17,259.15,823.64,Mean Reversion,
2026-04-03T17:33:13.000Z,META,LONG,31,638.48,632.69,-179.49,Mean Reversion,
2026-04-03T17:58:45.000Z,MU,SHORT,254,116.2,113.22,756.92,Mean Reversion,Oversold bounce
2026-04-03T18:12:39.000Z,TSLA,LONG,198,311.81,319.79,1580.04,Trend Following,Index momentum continuation
2026-04-03T18:30:55.000Z,AMD,LONG,362,149.5,147.77,-626.26,Mean Reversion,VWAP reversion
2026-04-03T18:36:49.000Z,MARA,SHORT,761,21.94,22.71,-585.97,Scalp,Opening drive scalp
2026-04-03T18:39:36.000Z,INTC,LONG,549,32.66,32.14,-285.48,Trend Following,Trend continuation
2026-04-03T18:59:19.000Z,BA,LONG,175,194.64,197.53,505.75,Breakout,
2026-04-03T18:59:26.000Z,DIS,SHORT,221,103.18,101.71,324.87,Scalp,Power-hour scalp
2026-04-03T19:13:57.000Z,DIS,LONG,374,102.96,104.63,624.58,Mean Reversion,Mean reversion short at resistance
2026-04-03T19:39:07.000Z,SPY,LONG,74,589.92,592.17,166.5,Breakout,Pre-market gap up clean breakout
2026-04-06T13:36:29.000Z,NFLX,LONG,46,701.8,697.76,-185.84,Trend Following,
2026-04-06T14:09:16.000Z,AVGO,LONG,115,193.05,190.95,-241.5,Breakout,Cup & handle breakout
2026-04-06T14:16:11.000Z,JPM,SHORT,180,247,243.49,631.8,Mean Reversion,Fade gap up
2026-04-06T14:18:00.000Z,COIN,LONG,52,252.8,260.94,423.28,Mean Reversion,VWAP reversion
2026-04-06T14:38:42.000Z,ORCL,SHORT,54,166.02,167.96,-104.76,Scalp,Power-hour scalp
2026-04-06T14:41:49.000Z,JNJ,SHORT,143,161.45,160.65,114.4,Earnings,Earnings drift continuation
2026-04-06T14:51:24.000Z,SHOP,SHORT,190,98.78,96.4,452.2,Earnings,Post-earnings IV crush play
2026-04-06T15:06:03.000Z,QQQ,LONG,38,549.26,554.06,182.4,Scalp,Quick scalp
2026-04-06T15:14:53.000Z,PLTR,LONG,243,27.87,28.94,260.01,Breakout,
2026-04-06T15:16:05.000Z,MSFT,SHORT,75,474.43,472.33,157.5,Scalp,
2026-04-06T15:45:38.000Z,NFLX,LONG,25,703.15,710.34,179.75,Trend Following,
2026-04-06T15:49:00.000Z,INTC,SHORT,793,32.42,31.98,348.92,Trend Following,Trend continuation
2026-04-06T16:27:21.000Z,UBER,LONG,303,76.93,75.83,-333.3,Trend Following,
2026-04-06T16:45:18.000Z,META,SHORT,84,641.23,637.24,335.16,Trend Following,Index momentum continuation
2026-04-06T16:53:06.000Z,DIS,SHORT,228,102.09,103,-207.48,Breakout,Bull flag continuation
2026-04-06T16:57:40.000Z,AMZN,SHORT,153,214.49,216.62,-325.89,Earnings,Earnings miss reversal
2026-04-06T17:06:40.000Z,IWM,LONG,42,244.48,247.96,146.16,Trend Following,
2026-04-06T17:20:00.000Z,DIS,SHORT,315,103,104.34,-422.1,Trend Following,Tech rotation long
2026-04-06T17:40:58.000Z,XOM,LONG,371,114.37,115.59,452.62,Trend Following,Index momentum continuation
2026-04-06T17:46:37.000Z,AMD,LONG,149,148.79,151.2,359.09,Scalp,Counter-trend fade scalp
2026-04-06T18:15:31.000Z,PLTR,LONG,537,27.9,27.51,-209.43,Scalp,Quick scalp
2026-04-06T19:28:14.000Z,BAC,SHORT,324,47.87,48.06,-61.56,Scalp,Power-hour scalp
2026-04-06T19:44:36.000Z,PLTR,LONG,251,27.75,27.11,-160.64,Mean Reversion,VWAP reversion
2026-04-07T13:31:36.000Z,JPM,LONG,177,247.21,249.6,423.03,Trend Following,Trend continuation
2026-04-07T13:34:21.000Z,XOM,LONG,196,114.68,114.21,-92.12,Breakout,ATH breakout
2026-04-07T13:47:52.000Z,AVGO,SHORT,61,191.7,193.57,-114.07,Mean Reversion,VWAP reversion
2026-04-07T14:23:53.000Z,AMD,LONG,163,148.21,150.46,366.75,Trend Following,Tech rotation long
2026-04-07T14:33:00.000Z,MARA,SHORT,487,21.99,22.24,-121.75,Scalp,Quick scalp
2026-04-07T15:01:36.000Z,META,LONG,61,638.91,633.02,-359.29,Mean Reversion,
2026-04-07T15:02:39.000Z,INTC,SHORT,240,32.53,33.1,-136.8,Earnings,Earnings miss reversal
2026-04-07T15:18:12.000Z,JPM,LONG,193,247.52,249.63,407.23,Earnings,Earnings drift continuation
2026-04-07T15:35:41.000Z,MU,LONG,150,116.42,118.22,270,Earnings,Earnings drift continuation
2026-04-07T16:34:38.000Z,GS,LONG,16,629.67,638.01,133.44,Mean Reversion,Mean reversion short at resistance
2026-04-07T16:52:18.000Z,UBER,LONG,327,77.11,76.39,-235.44,Scalp,Quick scalp
2026-04-07T17:04:31.000Z,DIS,LONG,300,102.64,102.22,-126,Earnings,Earnings beat
2026-04-07T17:13:23.000Z,AVGO,LONG,44,192.62,191.7,-40.48,Mean Reversion,Mean reversion short at resistance
2026-04-07T17:33:11.000Z,CRM,LONG,123,296.7,301.04,533.82,Trend Following,Stopped below trend line
2026-04-07T18:03:40.000Z,META,LONG,81,636.37,640.65,346.68,Trend Following,
2026-04-07T18:27:29.000Z,META,SHORT,24,635.73,622.3,322.32,Trend Following,Tech rotation long
2026-04-07T18:46:59.000Z,GS,LONG,97,630.83,639.98,887.55,Breakout,Range breakout on volume
2026-04-07T19:12:26.000Z,MARA,LONG,546,22.01,22.87,469.56,Scalp,
2026-04-07T19:47:34.000Z,JPM,LONG,149,247.76,249.74,295.02,Earnings,
2026-04-08T14:10:34.000Z,META,LONG,81,631.83,637.4,451.17,Breakout,
2026-04-08T14:16:59.000Z,JPM,LONG,193,247.44,249.9,474.78,Scalp,Power-hour scalp
2026-04-08T14:19:56.000Z,UBER,LONG,152,76.67,77.88,183.92,Scalp,Opening drive scalp
2026-04-08T15:20:10.000Z,BA,LONG,85,197.7,199.97,192.95,Trend Following,20EMA trend long
2026-04-08T15:21:53.000Z,UNH,LONG,45,510.51,507.29,-144.9,Mean Reversion,Topping pattern fade
2026-04-08T15:49:02.000Z,AMD,LONG,150,147.95,151.84,583.5,Trend Following,Index momentum continuation
2026-04-08T15:58:56.000Z,SPY,LONG,95,585.69,582.93,-262.2,Breakout,Bull flag continuation
2026-04-08T16:05:29.000Z,DIS,SHORT,189,102.88,101.42,275.94,Breakout,Pre-market gap up clean breakout
2026-04-08T16:09:45.000Z,SHOP,LONG,95,98.69,100.14,137.75,Scalp,Opening drive scalp
2026-04-08T16:29:02.000Z,JPM,SHORT,55,246.59,248.48,-103.95,Breakout,
2026-04-08T16:53:01.000Z,UNH,SHORT,16,513.99,517.62,-58.08,Mean Reversion,VWAP reversion
2026-04-08T17:02:24.000Z,MU,SHORT,366,115.28,117.33,-750.3,Breakout,
2026-04-08T17:04:54.000Z,PLTR,LONG,817,27.72,27.28,-359.48,Earnings,Earnings beat
2026-04-08T17:11:26.000Z,COIN,LONG,167,251.85,256.47,771.54,Breakout,Pre-market gap up clean breakout
2026-04-08T17:16:01.000Z,XOM,LONG,383,115.37,115.82,172.35,Earnings,
2026-04-08T17:26:56.000Z,JNJ,LONG,60,162.41,162.77,21.6,Trend Following,Trend continuation
2026-04-08T17:52:40.000Z,COIN,SHORT,175,250.82,254.63,-666.75,Trend Following,Tech rotation long
2026-04-08T18:12:58.000Z,INTC,SHORT,347,32.88,32.68,69.4,Mean Reversion,VWAP reversion
2026-04-08T18:34:28.000Z,COIN,SHORT,111,252.16,255.12,-328.56,Earnings,
2026-04-08T18:49:54.000Z,CRM,SHORT,124,293.15,291.47,208.32,Mean Reversion,Topping pattern fade
2026-04-08T19:08:43.000Z,XOM,SHORT,274,115.86,115.25,167.14,Earnings,
2026-04-08T19:18:56.000Z,AMZN,LONG,69,214.91,216.05,78.66,Earnings,
2026-04-08T19:49:25.000Z,DIS,LONG,343,102.41,103.6,408.17,Breakout,Cup & handle breakout
2026-04-09T13:31:59.000Z,UNH,SHORT,83,513.68,519.84,-511.28,Scalp,
2026-04-09T13:46:08.000Z,AMZN,LONG,104,214.23,217.56,346.32,Trend Following,
2026-04-09T14:11:14.000Z,JNJ,LONG,103,162.06,163.24,121.54,Trend Following,Stopped below trend line
2026-04-09T14:23:18.000Z,XOM,LONG,319,115.18,114.8,-121.22,Mean Reversion,Fade gap up
2026-04-09T14:27:32.000Z,NVDA,LONG,90,201.04,200,-93.6,Trend Following,Trend continuation
2026-04-09T14:31:17.000Z,SPY,SHORT,63,592.85,590.67,137.34,Earnings,Post-earnings IV crush play
2026-04-09T14:38:36.000Z,SHOP,SHORT,237,98.17,99.34,-277.29,Mean Reversion,Topping pattern fade
2026-04-09T15:14:07.000Z,UNH,SHORT,20,516.61,521.78,-103.4,Scalp,Quick scalp
2026-04-09T15:47:26.000Z,SHOP,SHORT,373,98.07,97.2,324.51,Trend Following,
2026-04-09T16:00:57.000Z,MARA,LONG,856,21.97,23.14,1001.52,Earnings,
2026-04-09T16:01:47.000Z,IWM,LONG,126,244.76,243.02,-219.24,Scalp,Counter-trend fade scalp
2026-04-09T16:01:58.000Z,NVDA,LONG,55,201.86,199.17,-147.95,Trend Following,
2026-04-09T16:04:09.000Z,AAPL,LONG,81,239.57,243.03,280.26,Scalp,Counter-trend fade scalp
2026-04-09T16:05:25.000Z,META,LONG,88,630.43,644.04,1197.68,Breakout,Range breakout on volume
2026-04-09T16:14:45.000Z,PLTR,LONG,594,27.86,28.83,576.18,Earnings,Earnings miss reversal
2026-04-09T17:14:20.000Z,AMD,LONG,179,148.44,149.78,239.86,Earnings,Earnings miss reversal
2026-04-09T17:15:42.000Z,GS,SHORT,50,628.24,624.47,188.5,Scalp,Counter-trend fade scalp
2026-04-09T18:24:05.000Z,MU,SHORT,197,116.04,114.84,236.4,Mean Reversion,Squeezed out early
2026-04-09T18:24:18.000Z,DIS,LONG,222,102.87,103.82,210.9,Trend Following,
2026-04-09T19:05:26.000Z,NVDA,SHORT,75,201.88,204.14,-169.5,Mean Reversion,Topping pattern fade
2026-04-10T13:41:48.000Z,COIN,SHORT,95,250.42,256.96,-621.3,Breakout,
2026-04-10T13:46:29.000Z,INTC,LONG,465,32.61,33.26,302.25,Scalp,Power-hour scalp
2026-04-10T13:50:43.000Z,ORCL,LONG,56,166.61,165.51,-61.6,Earnings,Earnings drift continuation
2026-04-10T14:35:23.000Z,JPM,LONG,93,246.43,247.53,102.3,Breakout,"Failed breakout, stopped"
2026-04-10T15:08:53.000Z,PLTR,SHORT,460,27.85,27.51,156.4,Earnings,Earnings miss reversal
2026-04-10T15:22:20.000Z,PLTR,SHORT,970,28.03,28.68,-630.5,Scalp,Quick scalp
2026-04-10T15:48:45.000Z,UNH,SHORT,77,514.78,511.38,261.8,Trend Following,Tech rotation long
2026-04-10T15:51:58.000Z,SHOP,LONG,292,97.7,97.1,-175.2,Scalp,Opening drive scalp
2026-04-10T16:06:09.000Z,JNJ,SHORT,98,160.09,160.72,-61.74,Trend Following,Index momentum continuation
2026-04-10T16:37:31.000Z,SPY,LONG,71,588.97,592.94,281.87,Earnings,
2026-04-10T16:55:45.000Z,BA,LONG,41,198.22,201.44,132.02,Earnings,
2026-04-10T17:04:29.000Z,SPY,LONG,93,591.09,594.07,277.14,Mean Reversion,VWAP reversion
2026-04-10T17:33:44.000Z,JPM,LONG,52,245.8,244.39,-73.32,Scalp,Power-hour scalp
2026-04-10T17:42:29.000Z,JNJ,SHORT,128,160.92,160.54,48.64,Trend Following,
2026-04-10T17:49:55.000Z,DIS,LONG,264,101.78,102.52,195.36,Mean Reversion,Squeezed out early
2026-04-10T17:50:09.000Z,UNH,LONG,15,514.67,519.33,69.9,Mean Reversion,
2026-04-10T18:00:37.000Z,AMZN,SHORT,161,213.36,212.15,194.81,Trend Following,VWAP reclaim long
2026-04-10T18:04:59.000Z,GOOGL,SHORT,91,192.57,193.64,-97.37,Trend Following,Tech rotation long
2026-04-10T18:21:33.000Z,UBER,SHORT,192,76.77,75.87,172.8,Mean Reversion,Fade gap up
2026-04-10T19:37:53.000Z,GOOGL,LONG,144,190.85,188.75,-302.4,Earnings,Post-earnings IV crush play
2026-04-13T13:32:51.000Z,ORCL,SHORT,75,166.2,166.96,-57,Breakout,Pre-market gap up clean breakout
2026-04-13T13:50:35.000Z,AAPL,SHORT,104,239.08,240.13,-109.2,Trend Following,Tech rotation long
2026-04-13T14:33:41.000Z,BA,LONG,40,199.89,197.42,-98.8,Earnings,Earnings beat
2026-04-13T14:40:02.000Z,DIS,LONG,345,102.72,102.05,-231.15,Breakout,Pre-market gap up clean breakout
2026-04-13T14:43:28.000Z,UNH,LONG,15,514.5,517.07,38.55,Trend Following,
